,CustomerID,Recency,Frequency,Monetary,R,F,M,Seg
0,12346,326,1,77183.6,1,1,5,Lost high value
1,12347,2,7,4310.0,5,5,5,Champion
2,12348,75,4,1797.2400000000002,2,4,4,At risk
3,12349,19,1,1757.55,4,1,4,New customer
4,12350,310,1,334.4,1,1,2,Normal
5,12352,36,8,2506.04,3,5,5,Loyal
6,12353,204,1,89.0,1,1,1,Normal
7,12354,232,1,1079.4,1,1,4,Lost high value
8,12355,214,1,459.40000000000003,1,1,2,Normal
9,12356,23,3,2811.4300000000003,4,3,5,Loyal
10,12357,33,1,6207.670000000001,4,1,5,New customer
11,12358,2,2,1168.06,5,2,4,New customer
12,12359,58,4,6372.58,3,4,5,Loyal
13,12360,52,3,2662.06,3,3,5,Loyal
14,12361,287,1,189.89999999999998,1,1,1,Normal
15,12362,3,10,5226.23,5,5,5,Champion
16,12363,110,2,552.0,2,2,3,Normal
17,12364,8,4,1313.1,5,4,4,Champion
18,12365,291,2,641.38,1,2,3,Normal
19,12367,4,1,168.9,5,1,1,New customer
20,12370,51,4,3545.69,3,4,5,Loyal
21,12371,45,2,1887.96,3,2,4,Normal
22,12372,72,3,1298.04,3,3,4,Loyal
23,12373,311,1,364.6,1,1,2,Normal
24,12374,25,1,742.9300000000001,4,1,3,New customer
25,12375,11,2,457.5,5,2,2,New customer
26,12377,315,2,1628.1200000000001,1,2,4,At risk
27,12378,130,1,4008.62,2,1,5,Lost high value
28,12379,82,2,852.24,2,2,3,Normal
29,12380,22,4,2724.8100000000004,4,4,5,Champion
30,12381,5,5,1845.31,5,4,4,Champion
31,12383,185,5,1850.56,1,4,4,At risk
32,12384,29,2,585.27,4,2,3,New customer
33,12386,338,2,401.9,1,2,2,Normal
34,12388,16,6,2780.66,4,4,5,Champion
35,12390,80,1,549.84,2,1,3,Normal
36,12391,22,1,460.89,4,1,2,New customer
37,12393,72,4,1582.6,3,4,4,Loyal
38,12394,64,2,1272.4800000000002,3,2,4,Normal
39,12395,19,12,3018.63,4,5,5,Champion
40,12397,36,2,2409.9,3,2,5,Normal
41,12398,46,1,1635.6600000000003,3,1,4,Normal
42,12399,119,4,1108.65,2,4,4,At risk
43,12401,303,1,84.3,1,1,1,Normal
44,12402,323,1,225.6,1,1,1,Normal
45,12403,50,1,427.7,3,1,2,Normal
46,12405,149,1,1710.39,2,1,4,Lost high value
47,12406,22,2,3415.3,4,2,5,New customer
48,12407,50,5,1708.12,3,4,4,Loyal
49,12408,33,5,2888.5499999999997,4,4,5,Champion
50,12409,79,3,11072.670000000002,2,3,5,At risk
51,12410,309,2,693.33,1,2,3,Normal
52,12412,75,3,1226.8799999999999,2,3,4,At risk
53,12413,67,3,758.1000000000001,3,3,3,Loyal
54,12414,217,3,562.4100000000001,1,3,3,Normal
55,12415,24,21,124914.53,4,5,5,Champion
56,12417,3,9,3649.1000000000004,5,5,5,Champion
57,12418,113,1,668.58,2,1,3,Normal
58,12420,64,1,600.3899999999999,3,1,3,Normal
59,12421,16,4,807.04,4,4,3,Loyal
60,12422,96,3,803.5600000000001,2,3,3,Normal
61,12423,1,8,1859.31,5,5,4,Champion
62,12424,163,2,1760.9599999999996,2,2,4,At risk
63,12425,78,1,777.1999999999999,2,1,3,Normal
64,12426,195,1,582.7299999999999,1,1,3,Normal
65,12427,22,3,825.8,4,3,3,Loyal
66,12428,26,9,7956.460000000001,4,5,5,Champion
67,12429,9,4,3750.3999999999996,5,4,5,Champion
68,12430,43,1,256.4,3,1,2,Normal
69,12431,36,15,6487.45,3,5,5,Loyal
70,12432,43,5,5059.32,3,4,5,Loyal
71,12433,1,7,13375.87,5,5,5,Champion
72,12434,85,2,806.14,2,2,3,Normal
73,12435,80,2,7829.890000000001,2,2,5,At risk
74,12436,100,1,509.0100000000001,2,1,3,Normal
75,12437,2,18,4951.41,5,5,5,Champion
76,12438,14,2,2906.85,4,2,5,New customer
77,12441,367,1,173.55,1,1,1,Normal
78,12442,3,1,172.06,5,1,1,New customer
79,12444,21,5,5005.46,4,4,5,Champion
80,12445,22,1,133.4,4,1,1,New customer
81,12446,58,1,1002.3100000000001,3,1,4,Normal
82,12447,243,1,476.48999999999995,1,1,2,Normal
83,12448,44,1,449.45000000000005,3,1,2,Normal
84,12449,22,4,4067.2900000000004,4,4,5,Champion
85,12450,156,2,197.88,2,2,1,Normal
86,12451,11,5,9035.52,5,4,5,Champion
87,12452,17,2,430.57000000000005,4,2,2,New customer
88,12453,134,1,707.09,2,1,3,Normal
89,12454,56,1,3528.3400000000006,3,1,5,Normal
90,12455,73,6,2466.86,2,4,5,At risk
91,12456,44,3,3181.04,3,3,5,Loyal
92,12457,66,7,2363.23,3,5,5,Loyal
93,12458,71,2,947.4000000000001,3,2,4,Normal
94,12461,94,2,826.8800000000001,2,2,3,Normal
95,12462,19,2,1189.5900000000001,4,2,4,New customer
96,12463,53,4,1344.78,3,4,4,Loyal
97,12464,10,8,1212.0499999999997,5,5,4,Champion
98,12465,17,2,742.1899999999999,4,2,3,New customer
99,12468,188,2,729.5400000000001,1,2,3,Normal
100,12471,2,30,19824.05,5,5,5,Champion
101,12472,32,7,6572.11,4,5,5,Champion
102,12473,29,5,3938.55,4,4,5,Champion
103,12474,17,18,7375.79,4,5,5,Champion
104,12475,54,1,723.3800000000001,3,1,3,Normal
105,12476,16,11,6816.420000000001,4,5,5,Champion
106,12477,23,6,13219.740000000002,4,4,5,Champion
107,12478,4,1,680.99,5,1,3,New customer
108,12479,11,1,527.2,5,1,3,New customer
109,12480,28,4,3281.63,4,4,5,Champion
110,12481,23,10,5596.32,4,5,5,Champion
111,12483,17,8,2484.9799999999996,4,5,5,Champion
112,12484,33,6,4541.719999999999,4,4,5,Champion
113,12488,10,3,1298.6600000000003,5,3,4,Loyal
114,12489,336,1,334.92999999999995,1,1,2,Normal
115,12490,5,10,5417.93,5,5,5,Champion
116,12491,39,1,460.40000000000003,3,1,2,Normal
117,12492,63,2,263.21000000000004,3,2,2,Normal
118,12493,166,2,433.73999999999995,2,2,2,Normal
119,12494,16,7,1246.1,4,5,4,Champion
120,12497,82,1,1043.1,2,1,4,Lost high value
121,12498,21,3,403.7000000000001,4,3,2,Loyal
122,12500,23,11,4257.82,4,5,5,Champion
123,12501,337,1,2169.3900000000003,1,1,5,Lost high value
124,12502,96,5,3723.87,2,4,5,At risk
125,12504,18,2,482.04999999999995,4,2,2,New customer
126,12506,233,1,73.50000000000001,1,1,1,Normal
127,12507,134,3,1304.81,2,3,4,At risk
128,12508,26,2,398.27,4,2,2,New customer
129,12509,284,1,176.5,1,1,1,Normal
130,12510,143,2,982.5699999999999,2,2,4,At risk
131,12512,66,2,138.02999999999997,3,2,1,Normal
132,12513,113,1,612.29,2,1,3,Normal
133,12514,267,1,1017.6800000000001,1,1,4,Lost high value
134,12515,353,1,383.70000000000005,1,1,2,Normal
135,12516,78,2,1312.06,2,2,4,At risk
136,12517,28,5,2502.84,4,4,5,Champion
137,12518,1,5,2056.89,5,4,4,Champion
138,12519,64,1,340.84000000000003,3,1,2,Normal
139,12520,79,5,2634.2599999999998,2,4,5,At risk
140,12521,143,1,599.6800000000001,2,1,3,Normal
141,12522,39,2,192.72,3,2,1,Normal
142,12523,19,11,1789.77,4,5,4,Champion
143,12524,9,8,4485.72,5,5,5,Champion
144,12526,1,3,1316.66,5,3,4,Loyal
145,12527,82,3,348.71000000000004,2,3,2,Normal
146,12528,9,6,1933.48,5,5,4,Champion
147,12530,60,4,1662.28,3,4,4,Loyal
148,12531,15,1,125.22000000000001,4,1,1,New customer
149,12532,30,1,349.83000000000004,4,1,2,New customer
150,12534,131,1,1089.1799999999998,2,1,4,Lost high value
151,12535,92,2,716.3499999999999,2,2,3,Normal
152,12536,43,3,12601.830000000002,3,3,5,Loyal
153,12538,29,1,363.95,4,1,2,New customer
154,12539,22,4,5568.35,4,4,5,Champion
155,12540,20,17,13400.24,4,5,5,Champion
156,12541,30,3,981.1800000000001,4,3,4,Loyal
157,12544,36,1,372.70000000000005,3,1,2,Normal
158,12545,75,2,1000.3900000000001,2,2,4,At risk
159,12546,47,2,1161.5,3,2,4,Normal
160,12547,198,2,207.79999999999998,1,2,1,Normal
161,12548,166,1,95.19999999999999,2,1,1,Normal
162,12550,79,1,964.8299999999999,2,1,4,Lost high value
163,12551,358,1,168.0,1,1,1,Normal
164,12552,39,2,437.82,3,2,2,Normal
165,12553,8,10,3692.2799999999997,5,5,5,Champion
166,12556,50,2,603.71,3,2,3,Normal
167,12557,16,5,11990.96,4,4,5,Champion
168,12558,8,1,269.96,5,1,2,New customer
169,12559,311,2,561.71,1,2,3,Normal
170,12560,5,3,2134.01,5,3,5,Loyal
171,12561,303,1,238.85000000000002,1,1,1,Normal
172,12562,8,7,3781.74,5,5,5,Champion
173,12564,261,1,456.9,1,1,2,Normal
174,12565,289,1,145.92,1,1,1,Normal
175,12566,86,1,351.65,2,1,2,Normal
176,12567,23,10,9401.279999999999,4,5,5,Champion
177,12569,2,32,4124.6900000000005,5,5,5,Champion
178,12571,40,2,519.61,3,2,3,Normal
179,12572,9,2,1020.42,5,2,4,New customer
180,12573,227,1,160.54,1,1,1,Normal
181,12574,316,1,218.45000000000002,1,1,1,Normal
182,12576,36,5,1315.83,3,4,4,Loyal
183,12577,35,3,657.8,3,3,3,Loyal
184,12578,21,2,2794.51,4,2,5,New customer
185,12579,78,1,440.41999999999996,2,1,2,Normal
186,12580,247,1,415.70000000000005,1,1,2,Normal
187,12581,40,1,197.70999999999998,3,1,1,Normal
188,12582,239,2,511.36,1,2,3,Normal
189,12583,3,15,7281.38,5,5,5,Champion
190,12584,4,9,2338.15,5,5,5,Champion
191,12585,234,2,2040.1000000000004,1,2,4,At risk
192,12586,17,1,196.94000000000003,4,1,1,New customer
193,12587,8,1,144.0,5,1,1,New customer
194,12588,39,1,214.89999999999998,3,1,1,Normal
195,12589,29,2,646.68,4,2,3,New customer
196,12590,211,2,9864.259999999998,1,2,5,At risk
197,12591,317,1,452.84999999999997,1,1,2,Normal
198,12592,92,2,437.6,2,2,2,Normal
199,12593,109,3,418.09999999999997,2,3,2,Normal
200,12594,38,10,3338.22,3,5,5,Loyal
201,12596,51,2,618.27,3,2,3,Normal
202,12597,19,4,3811.22,4,4,5,Champion
203,12598,10,8,3023.08,5,5,5,Champion
204,12599,29,7,1032.58,4,5,4,Champion
205,12600,29,10,2599.0400000000004,4,5,5,Champion
206,12601,190,5,577.0600000000001,1,4,3,Normal
207,12602,59,1,153.12,3,1,1,Normal
208,12603,22,1,739.1999999999999,4,1,3,New customer
209,12604,79,2,254.17999999999998,2,2,2,Normal
210,12607,60,1,1579.51,3,1,4,Normal
211,12609,78,3,1126.85,2,3,4,At risk
212,12610,23,5,2099.54,4,4,5,Champion
213,12611,52,1,1193.3200000000002,3,1,4,Normal
214,12612,74,1,704.04,2,1,3,Normal
215,12613,57,5,3344.38,3,4,5,Loyal
216,12614,278,1,315.5999999999999,1,1,2,Normal
217,12615,2,4,2291.19,5,4,5,Champion
218,12616,95,2,713.3,2,2,3,Normal
219,12617,29,1,355.53,4,1,2,New customer
220,12618,22,1,177.31,4,1,1,New customer
221,12619,16,9,3641.2400000000002,4,5,5,Champion
222,12620,15,3,1339.41,4,3,4,Loyal
223,12621,2,20,13689.670000000002,5,5,5,Champion
224,12622,232,1,180.1,1,1,1,Normal
225,12623,276,1,305.09999999999997,1,1,2,Normal
226,12624,106,2,641.13,2,2,3,Normal
227,12625,212,2,2683.82,1,2,5,At risk
228,12626,23,9,6620.4800000000005,4,5,5,Champion
229,12627,11,7,4478.53,5,5,5,Champion
230,12628,4,3,786.46,5,3,3,Loyal
231,12630,10,2,1270.88,5,2,4,New customer
232,12631,57,1,640.5,3,1,3,Normal
233,12633,59,4,2163.98,3,4,5,Loyal
234,12635,90,2,1689.18,2,2,4,At risk
235,12637,67,8,6021.9,3,5,5,Loyal
236,12638,33,1,671.69,4,1,3,New customer
237,12639,239,1,486.09999999999997,1,1,2,Normal
238,12640,24,3,1174.58,4,3,4,Loyal
239,12641,115,1,185.89999999999998,2,1,1,Normal
240,12642,25,3,1013.2600000000001,4,3,4,Loyal
241,12643,128,6,3344.64,2,5,5,At risk
242,12644,130,1,477.91,2,1,2,Normal
243,12645,34,4,1775.18,3,4,4,Loyal
244,12646,5,2,1346.97,5,2,4,New customer
245,12647,22,12,3722.82,4,5,5,Champion
246,12648,155,1,318.04999999999995,2,1,2,Normal
247,12649,107,3,623.5100000000001,2,3,3,Normal
248,12650,3,1,314.44,5,1,2,New customer
249,12651,335,1,114.0,1,1,1,Normal
250,12652,331,1,919.98,1,1,3,Normal
251,12653,149,2,2209.85,2,2,5,At risk
252,12654,11,5,601.98,5,4,3,Loyal
253,12656,17,5,4051.1699999999996,4,4,5,Champion
254,12657,11,4,1643.18,5,4,4,Champion
255,12658,19,1,686.05,4,1,3,New customer
256,12659,30,1,91.68,4,1,1,New customer
257,12660,11,1,245.09999999999997,5,1,1,New customer
258,12662,1,11,3849.7799999999997,5,5,5,Champion
259,12664,8,9,4881.880000000001,5,5,5,Champion
260,12665,325,1,63.0,1,1,1,Normal
261,12667,58,1,620.13,3,1,3,Normal
262,12668,12,4,3807.1499999999996,5,4,5,Champion
263,12669,151,3,2744.0299999999997,2,3,5,At risk
264,12670,10,5,2996.05,5,4,5,Champion
265,12672,330,1,225.90000000000003,1,1,1,Normal
266,12673,5,2,610.52,5,2,3,New customer
267,12674,39,4,1970.6,3,4,4,Loyal
268,12676,25,6,1331.39,4,5,4,Champion
269,12678,42,12,17628.46,3,5,5,Loyal
270,12679,59,4,1113.02,3,4,4,Loyal
271,12680,1,4,862.8100000000001,5,4,3,Loyal
272,12681,15,22,13787.54,4,5,5,Champion
273,12682,4,31,12288.220000000001,5,5,5,Champion
274,12683,4,15,8476.57,5,5,5,Champion
275,12684,8,7,2283.63,5,5,5,Champion
276,12685,28,6,2863.08,4,5,5,Champion
277,12686,372,1,89.14,1,1,1,Normal
278,12688,114,1,4873.8099999999995,2,1,5,Lost high value
279,12689,26,2,1247.61,4,2,4,New customer
280,12690,206,1,389.01,1,1,2,Normal
281,12691,28,6,1035.8,4,5,4,Champion
282,12693,127,4,855.91,2,4,3,Normal
283,12694,70,2,869.6700000000001,3,2,3,Normal
284,12695,7,4,582.1,5,4,3,Loyal
285,12697,29,3,957.59,4,3,4,Loyal
286,12700,8,4,4939.99,5,4,5,Champion
287,12701,80,2,797.7100000000002,2,2,3,Normal
288,12702,20,1,219.00000000000003,4,1,1,New customer
289,12703,71,1,283.55,3,1,2,Normal
290,12704,7,8,2340.84,5,5,5,Champion
291,12705,15,9,6868.29,4,5,5,Champion
292,12707,292,1,603.4200000000001,1,1,3,Normal
293,12708,30,10,2712.91,4,5,5,Champion
294,12709,15,15,9736.52,4,5,5,Champion
295,12710,97,3,1149.02,2,3,4,At risk
296,12712,29,13,4396.13,4,5,5,Champion
297,12713,1,1,848.55,5,1,3,New customer
298,12714,9,5,4708.860000000001,5,4,5,Champion
299,12715,106,1,353.86,2,1,2,Normal
300,12716,4,2,1053.4899999999998,5,2,4,New customer
301,12717,151,2,1030.98,2,2,4,At risk
302,12718,71,1,238.25,3,1,1,Normal
303,12719,5,2,644.95,5,2,3,New customer
304,12720,3,25,5781.73,5,5,5,Champion
305,12721,32,6,2656.13,4,5,5,Champion
306,12722,85,4,997.63,2,4,4,At risk
307,12723,4,5,725.07,5,4,3,Loyal
308,12724,5,4,1031.4099999999999,5,4,4,Champion
309,12725,371,1,427.8,1,1,2,Normal
310,12726,28,7,2609.1,4,5,5,Champion
311,12727,11,7,3980.7000000000003,5,5,5,Champion
312,12728,71,4,836.3300000000002,3,4,3,Loyal
313,12729,114,1,453.01,2,1,2,Normal
314,12731,24,12,18895.909999999996,4,5,5,Champion
315,12732,180,1,236.26,1,1,1,Normal
316,12733,234,1,383.95,1,1,2,Normal
317,12734,353,1,110.39999999999999,1,1,1,Normal
318,12735,315,2,779.5699999999999,1,2,3,Normal
319,12736,333,1,234.0,1,1,1,Normal
320,12738,372,1,155.35,1,1,1,Normal
321,12739,78,2,1013.04,2,2,4,At risk
322,12740,64,1,427.59999999999997,3,1,2,Normal
323,12743,134,2,546.43,2,2,3,Normal
324,12744,52,7,21279.29,3,5,5,Loyal
325,12747,2,11,4196.009999999999,5,5,5,Champion
326,12748,1,209,33719.729999999996,5,5,5,Champion
327,12749,4,5,4090.88,5,4,5,Champion
328,12750,129,1,275.88,2,1,2,Normal
329,12752,81,1,4366.780000000001,2,1,5,Lost high value
330,12753,23,6,21429.39,4,5,5,Champion
331,12754,236,3,3010.739999999999,1,3,5,At risk
332,12755,281,2,3811.9499999999994,1,2,5,At risk
333,12756,87,1,112.07999999999998,2,1,1,Normal
334,12757,16,13,7857.100000000001,4,5,5,Champion
335,12758,117,2,2791.5899999999997,2,2,5,At risk
336,12759,52,3,1531.4400000000003,3,3,4,Loyal
337,12762,8,2,1898.5200000000002,5,2,4,New customer
338,12763,138,2,494.08000000000004,2,2,3,Normal
339,12764,317,1,1693.8799999999999,1,1,4,Lost high value
340,12766,4,7,6989.63,5,5,5,Champion
341,12769,239,1,1143.6,1,1,4,Lost high value
342,12770,211,1,1351.45,1,1,4,Lost high value
343,12772,60,1,892.4699999999999,3,1,3,Normal
344,12775,17,5,1386.04,4,4,4,Champion
345,12778,20,6,822.23,4,5,3,Loyal
346,12779,38,8,3981.3600000000006,3,5,5,Loyal
347,12781,64,2,826.74,3,2,3,Normal
348,12782,5,5,2330.92,5,4,5,Champion
349,12783,2,6,2225.91,5,5,5,Champion
350,12784,9,2,574.42,5,2,3,New customer
351,12785,364,1,311.95,1,1,2,Normal
352,12787,10,3,463.65999999999997,5,3,2,Loyal
353,12789,65,1,91.85,3,1,1,Normal
354,12790,192,1,324.92,1,1,2,Normal
355,12791,374,1,192.60000000000002,1,1,1,Normal
356,12792,257,1,400.53999999999996,1,1,2,Normal
357,12793,335,2,545.48,1,2,3,Normal
358,12794,53,2,860.41,3,2,3,Normal
359,12795,19,1,430.48,4,1,2,New customer
360,12797,366,1,254.03,1,1,2,Normal
361,12798,10,3,6977.04,5,3,5,Loyal
362,12802,187,1,427.58000000000004,1,1,2,Normal
363,12808,37,3,483.65000000000003,3,3,2,Loyal
364,12809,178,1,489.31000000000006,2,1,2,Normal
365,12811,261,3,514.8499999999999,1,3,3,Normal
366,12812,45,1,229.64000000000001,3,1,1,Normal
367,12814,102,1,125.92,2,1,1,Normal
368,12815,148,2,1063.46,2,2,4,At risk
369,12816,96,2,572.2,2,2,3,Normal
370,12817,281,1,166.04,1,1,1,Normal
371,12818,262,1,1542.08,1,1,4,Lost high value
372,12820,3,4,942.3399999999999,5,4,4,Champion
373,12821,214,1,92.72,1,1,1,Normal
374,12822,71,2,948.88,3,2,4,Normal
375,12823,75,5,1759.5,2,4,4,At risk
376,12824,60,1,397.12,3,1,2,Normal
377,12826,3,7,1474.72,5,5,4,Champion
378,12827,6,3,430.15000000000003,5,3,2,Loyal
379,12828,3,6,1018.7100000000002,5,5,4,Champion
380,12829,337,2,293.0,1,2,2,Normal
381,12830,38,6,6814.640000000001,3,5,5,Loyal
382,12831,262,1,215.05,1,1,1,Normal
383,12832,32,2,383.03000000000003,4,2,2,New customer
384,12833,145,1,417.38,2,1,2,Normal
385,12834,283,1,312.37999999999994,1,1,2,Normal
386,12836,59,4,2612.8600000000006,3,4,5,Loyal
387,12837,173,1,134.10000000000002,2,1,1,Normal
388,12838,34,2,683.1300000000001,3,2,3,Normal
389,12839,3,14,5591.42,5,5,5,Champion
390,12840,144,4,2726.77,2,4,5,At risk
391,12841,5,25,4022.35,5,5,5,Champion
392,12842,70,2,1118.9899999999998,3,2,4,Normal
393,12843,66,8,1702.2600000000002,3,5,4,Loyal
394,12844,29,2,325.96,4,2,2,New customer
395,12845,267,4,354.09,1,4,2,Normal
396,12847,22,1,871.5400000000001,4,1,3,New customer
397,12849,31,2,1050.89,4,2,4,New customer
398,12851,97,1,135.18,2,1,1,Normal
399,12852,295,1,311.55,1,1,2,Normal
400,12853,135,6,1957.1000000000004,2,5,4,At risk
401,12854,79,3,1324.5,2,3,4,At risk
402,12855,373,1,38.1,1,1,1,Normal
403,12856,8,6,2179.93,5,5,5,Champion
404,12857,211,2,1106.3999999999999,1,2,4,At risk
405,12863,52,1,521.2,3,1,3,Normal
406,12864,138,1,147.11999999999998,2,1,1,Normal
407,12865,26,2,1568.2300000000005,4,2,4,New customer
408,12866,283,1,559.12,1,1,3,Normal
409,12867,26,7,4036.82,4,5,5,Champion
410,12868,186,6,1607.0600000000002,1,5,4,At risk
411,12871,84,2,380.64,2,2,2,Normal
412,12872,327,2,599.97,1,2,3,Normal
413,12873,282,1,374.0,1,1,2,Normal
414,12875,143,2,343.2300000000001,2,2,2,Normal
415,12876,58,2,2218.0200000000004,3,2,5,Normal
416,12877,4,12,1535.7700000000002,5,5,4,Champion
417,12878,236,2,854.99,1,2,3,Normal
418,12879,45,3,573.22,3,3,3,Loyal
419,12881,276,1,298.0,1,1,2,Normal
420,12882,9,2,1463.0400000000002,5,2,4,New customer
421,12883,25,4,703.47,4,4,3,Loyal
422,12884,88,1,309.05,2,1,2,Normal
423,12885,63,3,1175.2200000000003,3,3,4,Loyal
424,12886,68,2,1378.4,3,2,4,Normal
425,12888,214,2,354.12,1,2,2,Normal
426,12890,24,1,380.47,4,1,2,New customer
427,12891,186,3,331.0,1,3,2,Normal
428,12893,31,1,188.14,4,1,1,New customer
429,12895,42,2,372.8,3,2,2,Normal
430,12897,205,2,216.5,1,2,1,Normal
431,12901,9,28,17654.540000000005,5,5,5,Champion
432,12902,265,1,138.68,1,1,1,Normal
433,12904,18,2,509.58,4,2,3,New customer
434,12906,12,5,2919.81,5,4,5,Champion
435,12908,176,2,750.0,2,2,3,Normal
436,12909,40,5,2178.67,3,4,5,Loyal
437,12910,23,8,3075.0400000000004,4,5,5,Champion
438,12912,3,5,1662.3,5,4,4,Champion
439,12913,5,5,2483.63,5,4,5,Champion
440,12915,149,2,363.65,2,2,2,Normal
441,12916,139,4,3006.1499999999996,2,4,5,At risk
442,12917,128,1,594.0,2,1,3,Normal
443,12919,8,6,1335.19,5,5,4,Champion
444,12920,17,1,164.22999999999996,4,1,1,New customer
445,12921,9,37,16587.09,5,5,5,Champion
446,12922,161,1,405.38000000000005,2,1,2,Normal
447,12923,64,1,176.97000000000003,3,1,1,Normal
448,12924,88,4,933.7000000000002,2,4,3,Normal
449,12925,5,2,694.05,5,2,3,New customer
450,12928,35,5,2062.7,3,4,5,Loyal
451,12929,312,1,117.85,1,1,1,Normal
452,12930,78,2,415.79999999999995,2,2,2,Normal
453,12931,22,15,42055.95999999999,4,5,5,Champion
454,12933,24,3,607.5300000000001,4,3,3,Loyal
455,12935,2,7,2160.7,5,5,5,Champion
456,12936,17,4,1063.9,4,4,4,Champion
457,12937,15,4,1504.27,4,4,4,Champion
458,12938,26,1,114.14,4,1,1,New customer
459,12939,64,8,11581.8,3,5,5,Loyal
460,12940,55,2,913.5400000000001,3,2,3,Normal
461,12942,131,3,683.9000000000001,2,3,3,Normal
462,12944,36,2,604.5099999999999,3,2,3,Normal
463,12945,288,1,462.94999999999993,1,1,2,Normal
464,12947,144,6,1603.99,2,5,4,At risk
465,12948,16,7,2064.9500000000003,4,5,5,Champion
466,12949,31,8,4167.22,4,5,5,Champion
467,12950,2,3,1842.9999999999998,5,3,4,Loyal
468,12951,9,6,1064.0700000000002,5,5,4,Champion
469,12952,6,4,1387.7900000000004,5,4,4,Champion
470,12953,10,1,329.85,5,1,2,New customer
471,12955,1,11,4757.16,5,5,5,Champion
472,12956,306,1,108.07000000000001,1,1,1,Normal
473,12957,10,8,4017.5399999999995,5,5,5,Champion
474,12962,7,2,266.39,5,2,2,New customer
475,12963,8,8,1856.63,5,5,4,Champion
476,12965,89,1,771.91,2,1,3,Normal
477,12966,10,1,160.18,5,1,1,New customer
478,12967,358,2,1660.9,1,2,4,At risk
479,12968,112,1,135.95,2,1,1,Normal
480,12970,7,4,452.23999999999995,5,4,2,Loyal
481,12971,4,86,11189.91,5,5,5,Champion
482,12974,198,1,144.8,1,1,1,Normal
483,12976,212,1,738.6,1,1,3,Normal
484,12977,156,1,39.239999999999995,2,1,1,Normal
485,12980,158,9,7374.9000000000015,2,5,5,At risk
486,12981,30,2,372.21999999999997,4,2,2,New customer
487,12982,243,1,390.54,1,1,2,Normal
488,12984,19,1,97.5,4,1,1,New customer
489,12985,1,2,1239.38,5,2,4,New customer
490,12987,74,2,558.7,2,2,3,Normal
491,12988,292,1,535.32,1,1,3,Normal
492,12989,3,15,6924.11,5,5,5,Champion
493,12990,31,3,409.50000000000006,4,3,2,Loyal
494,12991,23,2,503.76000000000005,4,2,3,New customer
495,12993,23,4,414.7600000000001,4,4,2,Loyal
496,12994,4,3,974.42,5,3,4,Loyal
497,12995,85,1,211.32,2,1,1,Normal
498,12997,22,4,1226.8899999999999,4,4,4,Champion
499,12999,196,3,455.88,1,3,2,Normal
500,13000,107,3,534.85,2,3,3,Normal
501,13001,4,13,9818.820000000002,5,5,5,Champion
502,13002,318,1,120.94999999999999,1,1,1,Normal
503,13003,106,3,149.04999999999998,2,3,1,Normal
504,13004,12,18,5655.91,5,5,5,Champion
505,13005,174,2,513.6999999999999,2,2,3,Normal
506,13006,56,1,81.57,3,1,1,Normal
507,13008,323,1,229.47000000000003,1,1,1,Normal
508,13011,372,1,50.550000000000004,1,1,1,Normal
509,13012,9,8,1661.8400000000001,5,5,4,Champion
510,13013,1,13,4810.9400000000005,5,5,5,Champion
511,13014,11,10,3466.28,5,5,5,Champion
512,13015,53,5,3346.2800000000007,3,4,5,Loyal
513,13016,73,3,789.89,2,3,3,Normal
514,13017,7,1,204.0,5,1,1,New customer
515,13018,16,28,7277.700000000001,4,5,5,Champion
516,13021,4,9,2616.38,5,5,5,Champion
517,13023,64,2,689.9000000000001,3,2,3,Normal
518,13026,1,5,975.3599999999999,5,4,4,Champion
519,13027,114,6,6912.0,2,5,5,At risk
520,13028,23,2,661.3199999999998,4,2,3,New customer
521,13029,31,3,1247.5,4,3,4,Loyal
522,13030,11,2,799.4799999999999,5,2,3,New customer
523,13032,52,2,1010.1800000000001,3,2,4,Normal
524,13033,357,1,190.54999999999998,1,1,1,Normal
525,13034,55,2,642.77,3,2,3,Normal
526,13035,74,2,921.8800000000001,2,2,3,Normal
527,13037,138,3,881.0700000000002,2,3,3,Normal
528,13038,80,3,908.46,2,3,3,Normal
529,13040,9,2,676.99,5,2,3,New customer
530,13043,273,1,516.42,1,1,3,Normal
531,13044,291,1,560.47,1,1,3,Normal
532,13045,99,1,305.28,2,1,2,Normal
533,13046,31,2,629.3100000000001,4,2,3,New customer
534,13047,32,10,3237.54,4,5,5,Champion
535,13048,14,4,1835.91,4,4,4,Champion
536,13049,64,2,656.68,3,2,3,Normal
537,13050,15,17,5836.860000000001,4,5,5,Champion
538,13052,212,1,348.15000000000003,1,1,2,Normal
539,13055,78,3,1214.4100000000003,2,3,4,At risk
540,13058,25,3,271.4,4,3,2,Loyal
541,13059,250,1,183.4,1,1,1,Normal
542,13060,254,1,307.5299999999999,1,1,2,Normal
543,13061,72,1,248.61,3,1,1,Normal
544,13062,191,1,346.98,1,1,2,Normal
545,13064,13,4,1119.4900000000002,5,4,4,Champion
546,13065,373,1,205.85999999999999,1,1,1,Normal
547,13066,24,2,470.80000000000007,4,2,2,New customer
548,13067,82,1,115.46000000000002,2,1,1,Normal
549,13068,10,2,344.0,5,2,2,New customer
550,13069,1,24,4436.12,5,5,5,Champion
551,13070,192,1,228.79999999999998,1,1,1,Normal
552,13072,267,1,177.14999999999998,1,1,1,Normal
553,13075,130,1,919.61,2,1,3,Normal
554,13077,1,4,729.27,5,4,3,Loyal
555,13078,3,26,12627.94,5,5,5,Champion
556,13079,4,5,220.10000000000002,5,4,1,Loyal
557,13080,179,1,58.080000000000005,2,1,1,Normal
558,13081,12,11,28337.379999999997,5,5,5,Champion
559,13082,126,9,3613.63,2,5,5,At risk
560,13083,4,2,303.75,5,2,2,New customer
561,13085,158,2,416.07999999999987,2,2,2,Normal
562,13089,3,97,58825.83,5,5,5,Champion
563,13090,9,14,8910.82,5,5,5,Champion
564,13091,28,1,345.81999999999994,4,1,2,New customer
565,13092,71,5,477.83,3,4,2,Loyal
566,13093,276,8,7832.470000000001,1,5,5,At risk
567,13094,21,12,1927.3200000000002,4,5,4,Champion
568,13095,71,1,74.4,3,1,1,Normal
569,13097,33,10,6010.42,4,5,5,Champion
570,13098,1,28,28882.44,5,5,5,Champion
571,13099,99,1,207.35999999999999,2,1,1,Normal
572,13101,234,1,101.19,1,1,1,Normal
573,13102,1,24,6424.090000000001,5,5,5,Champion
574,13103,40,1,243.94,3,1,1,Normal
575,13104,3,6,1098.48,5,5,4,Champion
576,13106,133,1,76.5,2,1,1,Normal
577,13107,44,4,1531.6200000000001,3,4,4,Loyal
578,13108,373,1,350.06,1,1,2,Normal
579,13109,60,2,786.5400000000002,3,2,3,Normal
580,13110,31,7,1488.67,4,5,4,Champion
581,13113,1,24,12245.96,5,5,5,Champion
582,13115,12,4,2294.78,5,4,5,Champion
583,13116,138,1,501.13999999999993,2,1,3,Normal
584,13117,22,8,984.91,4,5,4,Champion
585,13118,20,5,1197.8100000000002,4,4,4,Champion
586,13120,239,1,30.599999999999998,1,1,1,Normal
587,13121,269,1,283.72999999999996,1,1,2,Normal
588,13122,94,2,922.3900000000002,2,2,3,Normal
589,13124,90,3,3866.33,2,3,5,At risk
590,13126,5,8,2099.6400000000003,5,5,5,Champion
591,13127,78,1,259.17,2,1,2,Normal
592,13130,94,1,64.0,2,1,1,Normal
593,13131,23,3,1073.3,4,3,4,Loyal
594,13132,262,1,77.3,1,1,1,Normal
595,13133,274,2,109.80000000000001,1,2,1,Normal
596,13134,86,4,1793.58,2,4,4,At risk
597,13135,197,1,3096.0,1,1,5,Lost high value
598,13136,56,5,2607.6100000000006,3,4,5,Loyal
599,13137,11,8,3650.41,5,5,5,Champion
600,13138,22,6,962.3899999999998,4,5,4,Champion
601,13139,16,7,5064.9400000000005,4,5,5,Champion
602,13140,108,3,423.72,2,3,2,Normal
603,13141,85,5,2388.7500000000005,2,4,5,At risk
604,13142,19,1,307.09,4,1,2,New customer
605,13144,333,1,110.95,1,1,1,Normal
606,13145,40,4,618.52,3,4,3,Loyal
607,13146,26,1,228.91000000000003,4,1,1,New customer
608,13147,10,4,712.8000000000001,5,4,3,Loyal
609,13148,29,12,3707.120000000001,4,5,5,Champion
610,13149,14,4,1676.0600000000004,4,4,4,Champion
611,13151,296,1,1257.8700000000003,1,1,4,Lost high value
612,13153,6,1,486.22,5,1,2,New customer
613,13155,33,4,971.76,4,4,4,Champion
614,13157,49,4,1741.22,3,4,4,Loyal
615,13158,95,4,1201.06,2,4,4,At risk
616,13159,9,4,1437.85,5,4,4,Champion
617,13160,22,1,91.8,4,1,1,New customer
618,13161,313,1,112.75,1,1,1,Normal
619,13162,122,4,1688.2899999999997,2,4,4,At risk
620,13165,46,2,1021.4799999999999,3,2,4,Normal
621,13166,283,1,417.19999999999993,1,1,2,Normal
622,13167,19,4,791.33,4,4,3,Loyal
623,13168,36,4,1319.19,3,4,4,Loyal
624,13169,64,2,712.88,3,2,3,Normal
625,13170,27,1,116.00999999999999,4,1,1,New customer
626,13171,22,3,468.4099999999999,4,3,2,Loyal
627,13173,4,2,353.65,5,2,2,New customer
628,13174,16,3,2817.0299999999997,4,3,5,Loyal
629,13176,46,1,492.84,3,1,3,Normal
630,13177,65,1,282.45000000000005,3,1,2,Normal
631,13178,26,11,5725.47,4,5,5,Champion
632,13182,45,1,121.18,3,1,1,Normal
633,13183,8,9,3957.7799999999997,5,5,5,Champion
634,13184,15,10,1701.2900000000004,4,5,4,Champion
635,13185,268,1,71.4,1,1,1,Normal
636,13186,40,3,1575.8900000000006,3,3,4,Loyal
637,13187,337,1,236.02,1,1,1,Normal
638,13188,11,1,114.60000000000001,5,1,1,New customer
639,13189,19,2,260.67999999999995,4,2,2,New customer
640,13192,95,2,911.9399999999999,2,2,3,Normal
641,13193,61,1,117.88000000000001,3,1,1,Normal
642,13194,136,1,60.7,2,1,1,Normal
643,13196,11,4,1797.7800000000002,5,4,4,Champion
644,13198,10,6,3401.24,5,5,5,Champion
645,13199,4,38,9817.119999999997,5,5,5,Champion
646,13200,19,4,870.09,4,4,3,Loyal
647,13203,10,4,869.46,5,4,3,Loyal
648,13207,15,2,250.26000000000002,4,2,2,New customer
649,13208,59,6,1223.9,3,5,4,Loyal
650,13209,30,8,5891.610000000001,4,5,5,Champion
651,13210,94,1,353.48,2,1,2,Normal
652,13211,10,3,1197.42,5,3,4,Loyal
653,13212,20,3,788.0799999999999,4,3,3,Loyal
654,13213,57,5,1520.5800000000002,3,4,4,Loyal
655,13216,268,1,333.74,1,1,2,Normal
656,13217,122,3,533.98,2,3,3,Normal
657,13218,127,1,62.64,2,1,1,Normal
658,13220,78,4,819.29,2,4,3,Normal
659,13221,240,2,847.4100000000001,1,2,3,Normal
660,13223,200,2,163.20000000000002,1,2,1,Normal
661,13224,60,2,2155.95,3,2,5,Normal
662,13225,3,7,6463.84,5,5,5,Champion
663,13226,273,1,108.21000000000001,1,1,1,Normal
664,13227,202,1,257.7,1,1,2,Normal
665,13228,81,1,358.0,2,1,2,Normal
666,13229,226,1,160.95000000000002,1,1,1,Normal
667,13230,4,14,2806.9700000000003,5,5,5,Champion
668,13232,13,7,1357.6000000000004,5,5,4,Champion
669,13233,74,2,605.1199999999999,2,2,3,Normal
670,13235,212,1,1031.0700000000002,1,1,4,Lost high value
671,13236,25,2,744.8499999999999,4,2,3,New customer
672,13238,17,4,700.73,4,4,3,Loyal
673,13239,262,1,329.56000000000006,1,1,2,Normal
674,13240,96,4,663.6500000000001,2,4,3,Normal
675,13242,112,3,270.40000000000003,2,3,2,Normal
676,13243,203,1,600.0700000000002,1,1,3,Normal
677,13244,93,1,121.74000000000001,2,1,1,Normal
678,13245,51,1,430.5,3,1,2,Normal
679,13246,18,6,1987.3000000000002,4,5,4,Champion
680,13247,18,4,501.12000000000006,4,4,3,Loyal
681,13248,125,2,465.67999999999995,2,2,2,Normal
682,13249,92,3,711.41,2,3,3,Normal
683,13253,157,2,1030.4,2,2,4,At risk
684,13255,9,2,399.51000000000005,5,2,2,New customer
685,13258,12,3,698.58,5,3,3,Loyal
686,13259,62,1,292.31999999999994,3,1,2,Normal
687,13260,61,1,557.62,3,1,3,Normal
688,13261,269,2,944.1,1,2,4,At risk
689,13262,263,1,200.29000000000002,1,1,1,Normal
690,13263,1,35,7454.070000000001,5,5,5,Champion
691,13265,53,5,2107.66,3,4,5,Loyal
692,13266,11,12,3834.2599999999993,5,5,5,Champion
693,13267,3,19,4521.49,5,5,5,Champion
694,13268,18,11,3214.6899999999996,4,5,5,Champion
695,13269,1,15,5346.23,5,5,5,Champion
696,13270,366,1,590.0,1,1,3,Normal
697,13271,37,1,217.38,3,1,1,Normal
698,13272,31,2,276.55999999999995,4,2,2,New customer
699,13273,113,1,138.98,2,1,1,Normal
700,13276,64,2,590.93,3,2,3,Normal
701,13277,16,4,258.4,4,4,2,Loyal
702,13278,41,1,542.73,3,1,3,Normal
703,13279,78,1,137.75,2,1,1,Normal
704,13280,122,3,814.8600000000001,2,3,3,Normal
705,13282,18,3,1132.1399999999999,4,3,4,Loyal
706,13283,60,2,93.66,3,2,1,Normal
707,13284,331,1,201.18999999999997,1,1,1,Normal
708,13285,23,4,2709.1200000000003,4,4,5,Champion
709,13291,156,1,361.10999999999996,2,1,2,Normal
710,13292,39,2,578.9399999999999,3,2,3,Normal
711,13294,190,2,873.74,1,2,3,Normal
712,13295,360,1,201.20000000000002,1,1,1,Normal
713,13296,137,1,87.4,2,1,1,Normal
714,13297,8,4,2089.85,5,4,5,Champion
715,13298,1,1,360.0,5,1,2,New customer
716,13299,268,1,142.5,1,1,1,Normal
717,13300,169,1,371.89000000000004,2,1,2,Normal
718,13301,104,4,618.09,2,4,3,Normal
719,13302,155,1,63.75,2,1,1,Normal
720,13304,351,1,300.41999999999996,1,1,2,Normal
721,13305,4,10,2000.8600000000001,5,5,4,Champion
722,13307,120,1,15.0,2,1,1,Normal
723,13308,23,3,1385.51,4,3,4,Loyal
724,13309,7,5,1456.7900000000002,5,4,4,Champion
725,13310,28,3,1132.0300000000002,4,3,4,Loyal
726,13311,4,2,598.57,5,2,3,New customer
727,13313,22,5,1555.3199999999997,4,4,4,Champion
728,13314,2,3,775.94,5,3,3,Loyal
729,13316,37,4,5977.73,3,4,5,Loyal
730,13317,66,6,2273.68,3,5,5,Loyal
731,13318,1,3,640.76,5,3,3,Loyal
732,13319,5,26,10845.550000000001,5,5,5,Champion
733,13320,78,4,1548.7,2,4,4,At risk
734,13321,72,2,567.36,3,2,3,Normal
735,13322,17,1,199.48000000000002,4,1,1,New customer
736,13323,3,5,787.8500000000001,5,4,3,Loyal
737,13324,36,10,7121.949999999999,3,5,5,Loyal
738,13325,82,1,675.3,2,1,3,Normal
739,13327,39,8,3627.770000000001,3,5,5,Loyal
740,13328,316,1,1308.48,1,1,4,Lost high value
741,13329,32,2,788.9999999999999,4,2,3,New customer
742,13330,93,3,1140.93,2,3,4,At risk
743,13332,14,1,350.9000000000001,4,1,2,New customer
744,13334,82,3,3536.8200000000006,2,3,5,At risk
745,13336,77,1,795.12,2,1,3,Normal
746,13338,158,1,487.02000000000004,2,1,2,Normal
747,13339,201,1,860.1200000000001,1,1,3,Normal
748,13340,45,7,10736.48,3,5,5,Loyal
749,13341,261,1,775.85,1,1,3,Normal
750,13343,178,1,353.42999999999995,2,1,2,Normal
751,13344,68,3,2543.7200000000003,3,3,5,Loyal
752,13345,288,1,389.5,1,1,2,Normal
753,13347,70,1,341.36,3,1,2,Normal
754,13348,64,1,233.76,3,1,1,Normal
755,13349,11,1,247.32,5,1,1,New customer
756,13350,16,2,979.12,4,2,4,New customer
757,13351,66,1,373.94000000000005,3,1,2,Normal
758,13352,60,1,397.98,3,1,2,Normal
759,13354,71,1,743.53,3,1,3,Normal
760,13355,122,1,674.6999999999999,2,1,3,Normal
761,13356,80,1,768.24,2,1,3,Normal
762,13357,257,1,609.95,1,1,3,Normal
763,13358,269,1,439.0299999999999,1,1,2,Normal
764,13359,64,1,439.56000000000006,3,1,2,Normal
765,13362,9,4,3090.7400000000007,5,4,5,Champion
766,13363,18,2,992.5,4,2,4,New customer
767,13364,71,1,134.96,3,1,1,Normal
768,13365,34,2,2225.37,3,2,5,Normal
769,13366,50,1,56.160000000000004,3,1,1,Normal
770,13368,257,2,623.4,1,2,3,Normal
771,13369,366,1,308.28000000000003,1,1,2,Normal
772,13370,372,1,754.8699999999999,1,1,3,Normal
773,13372,90,1,378.64,2,1,2,Normal
774,13373,61,3,3312.25,3,3,5,Loyal
775,13375,89,1,778.6500000000001,2,1,3,Normal
776,13376,99,3,1019.76,2,3,4,At risk
777,13379,26,3,572.5600000000001,4,3,3,Loyal
778,13381,32,6,3639.3100000000004,4,5,5,Champion
779,13382,281,1,222.99000000000004,1,1,1,Normal
780,13384,31,7,4151.93,4,5,5,Champion
781,13385,330,1,534.57,1,1,3,Normal
782,13388,131,2,677.1,2,2,3,Normal
783,13389,11,3,797.96,5,3,3,Loyal
784,13390,75,1,544.08,2,1,3,Normal
785,13391,204,1,59.8,1,1,1,Normal
786,13394,2,8,2520.0200000000004,5,5,5,Champion
787,13395,185,1,307.71999999999997,1,1,2,Normal
788,13396,29,2,1360.9900000000002,4,2,4,New customer
789,13397,73,5,1544.13,2,4,4,At risk
790,13398,192,1,457.34,1,1,2,Normal
791,13402,127,2,621.23,2,2,3,Normal
792,13403,18,1,75.0,4,1,1,New customer
793,13404,1,2,252.48999999999998,5,2,2,New customer
794,13405,74,3,572.451,2,3,3,Normal
795,13408,2,62,28117.04,5,5,5,Champion
796,13410,24,5,1003.06,4,4,4,Champion
797,13411,107,1,213.55,2,1,1,Normal
798,13414,134,3,1390.5,2,3,4,At risk
799,13416,44,2,712.5,3,2,3,Normal
800,13417,5,2,640.83,5,2,3,New customer
801,13418,12,18,6127.43,5,5,5,Champion
802,13419,64,1,221.06,3,1,1,Normal
803,13420,150,2,159.85,2,2,1,Normal
804,13421,40,2,1851.0800000000002,3,2,4,Normal
805,13422,64,1,2626.3000000000006,3,1,5,Normal
806,13425,108,3,1624.2100000000005,2,3,4,At risk
807,13426,1,10,3641.3199999999997,5,5,5,Champion
808,13427,19,3,582.6,4,3,3,Loyal
809,13428,10,1,218.46999999999997,5,1,1,New customer
810,13429,11,4,1006.8,5,4,4,Champion
811,13430,19,2,679.45,4,2,3,New customer
812,13431,67,2,1269.1000000000001,3,2,4,Normal
813,13434,74,2,534.24,2,2,3,Normal
814,13435,5,7,3809.890000000001,5,5,5,Champion
815,13436,2,1,196.89,5,1,1,New customer
816,13437,14,7,3408.0600000000004,4,5,5,Champion
817,13439,255,1,283.71,1,1,2,Normal
818,13441,92,1,296.64,2,1,2,Normal
819,13447,23,3,1129.1400000000003,4,3,4,Loyal
820,13448,17,6,3539.37,4,5,5,Champion
821,13449,24,1,291.88000000000005,4,1,2,New customer
822,13450,27,6,2043.7199999999998,4,5,4,Champion
823,13451,26,5,2976.15,4,4,5,Champion
824,13452,259,2,590.0,1,2,3,Normal
825,13453,166,2,356.97999999999996,2,2,2,Normal
826,13455,25,2,1058.3400000000001,4,2,4,New customer
827,13456,18,6,1766.7200000000003,4,5,4,Champion
828,13458,7,14,9646.57,5,5,5,Champion
829,13460,29,2,183.44,4,2,1,New customer
830,13461,39,3,1445.0000000000002,3,3,4,Loyal
831,13462,253,1,151.5,1,1,1,Normal
832,13464,58,1,674.6800000000001,3,1,3,Normal
833,13466,184,1,307.90000000000003,1,1,2,Normal
834,13467,11,2,1083.71,5,2,4,New customer
835,13468,2,37,5704.97,5,5,5,Champion
836,13470,99,2,165.0,2,2,1,Normal
837,13471,1,4,2531.58,5,4,5,Champion
838,13473,61,2,422.64000000000004,3,2,2,Normal
839,13474,236,1,229.59,1,1,1,Normal
840,13475,191,4,1431.7800000000004,1,4,4,At risk
841,13476,179,2,1238.47,2,2,4,At risk
842,13477,38,6,1454.5800000000002,3,5,4,Loyal
843,13479,201,2,300.94999999999993,1,2,2,Normal
844,13481,46,5,1804.5600000000004,3,4,4,Loyal
845,13482,232,1,184.64,1,1,1,Normal
846,13483,66,1,140.34,3,1,1,Normal
847,13484,241,1,313.8,1,1,2,Normal
848,13485,233,1,454.24000000000007,1,1,2,Normal
849,13486,78,3,1122.4100000000003,2,3,4,At risk
850,13487,58,3,575.4,3,3,3,Loyal
851,13488,17,13,8968.310000000001,4,5,5,Champion
852,13489,105,4,449.52,2,4,2,Normal
853,13491,52,10,1215.8200000000002,3,5,4,Loyal
854,13492,136,3,1269.84,2,3,4,At risk
855,13493,275,2,618.63,1,2,3,Normal
856,13494,312,1,316.26000000000005,1,1,2,Normal
857,13495,8,5,2044.87,5,4,4,Champion
858,13496,11,2,653.3300000000002,5,2,3,New customer
859,13497,283,2,348.05000000000007,1,2,2,Normal
860,13499,18,5,1159.1100000000001,4,4,4,Champion
861,13500,23,3,1166.77,4,3,4,Loyal
862,13501,288,1,1340.3200000000002,1,1,4,Lost high value
863,13502,17,3,292.0,4,3,2,Loyal
864,13503,71,1,216.85,3,1,1,Normal
865,13504,64,1,295.93,3,1,2,Normal
866,13505,73,4,4393.63,2,4,5,At risk
867,13506,316,2,458.5199999999999,1,2,2,Normal
868,13507,3,4,2479.16,5,4,5,Champion
869,13508,244,1,110.97000000000001,1,1,1,Normal
870,13509,9,7,979.72,5,5,4,Champion
871,13510,1,4,1791.56,5,4,4,Champion
872,13512,261,1,251.20999999999995,1,1,2,Normal
873,13513,127,1,205.1,2,1,1,Normal
874,13514,74,1,152.20000000000002,2,1,1,Normal
875,13515,73,4,891.12,2,4,3,Normal
876,13516,21,3,1389.41,4,3,4,Loyal
877,13517,60,3,2128.42,3,3,5,Loyal
878,13518,86,1,659.4399999999998,2,1,3,Normal
879,13519,78,1,122.75,2,1,1,Normal
880,13520,59,6,3624.35,3,5,5,Loyal
881,13521,1,3,1093.65,5,3,4,Loyal
882,13522,30,1,125.8,4,1,1,New customer
883,13523,33,5,3964.8799999999997,4,4,5,Champion
884,13524,41,5,680.1800000000001,3,4,3,Loyal
885,13525,15,2,628.78,4,2,3,New customer
886,13527,34,7,2287.5099999999998,3,5,5,Loyal
887,13529,79,2,307.76,2,2,2,Normal
888,13531,205,2,483.79999999999995,1,2,2,Normal
889,13532,34,1,210.31,3,1,1,Normal
890,13533,183,3,270.78999999999996,1,3,2,Normal
891,13534,2,25,5870.08,5,5,5,Champion
892,13536,1,7,3448.29,5,5,5,Champion
893,13538,43,7,1280.85,3,5,4,Loyal
894,13539,86,3,631.3399999999999,2,3,3,Normal
895,13544,40,2,291.40999999999997,3,2,2,Normal
896,13546,12,3,626.99,5,3,3,Loyal
897,13548,96,2,682.4100000000002,2,2,3,Normal
898,13549,26,7,918.2,4,5,3,Loyal
899,13551,319,1,91.80000000000001,1,1,1,Normal
900,13552,66,12,3740.07,3,5,5,Loyal
901,13555,74,4,4149.280000000001,2,4,5,At risk
902,13557,28,2,584.06,4,2,3,New customer
903,13558,6,4,605.06,5,4,3,Loyal
904,13560,7,1,174.37,5,1,1,New customer
905,13561,216,1,141.86,1,1,1,Normal
906,13562,82,3,1799.33,2,3,4,At risk
907,13563,84,2,777.53,2,2,3,Normal
908,13564,144,3,1749.02,2,3,4,At risk
909,13565,19,2,240.22,4,2,1,New customer
910,13566,41,2,874.71,3,2,3,Normal
911,13568,173,1,192.85,2,1,1,Normal
912,13569,17,2,373.75,4,2,2,New customer
913,13570,243,1,239.48999999999998,1,1,1,Normal
914,13571,13,12,2092.32,5,5,5,Champion
915,13572,206,1,1384.25,1,1,4,Lost high value
916,13573,50,2,294.40000000000003,3,2,2,Normal
917,13575,23,5,732.07,4,4,3,Loyal
918,13576,10,18,6717.339999999999,5,5,5,Champion
919,13577,25,4,1687.6000000000001,4,4,4,Champion
920,13579,15,2,467.03999999999996,4,2,2,New customer
921,13581,309,1,118.0,1,1,1,Normal
922,13583,156,1,781.0300000000001,2,1,3,Normal
923,13584,307,1,142.39999999999998,1,1,1,Normal
924,13587,64,1,712.4,3,1,3,Normal
925,13588,16,9,2478.9500000000003,4,5,5,Champion
926,13589,15,2,379.65,4,2,2,New customer
927,13590,11,6,1981.9199999999996,5,5,4,Champion
928,13591,65,3,1117.13,3,3,4,Loyal
929,13592,36,4,247.95999999999998,3,4,1,Loyal
930,13593,108,5,2037.08,2,4,4,At risk
931,13594,53,1,396.97,3,1,2,Normal
932,13596,6,2,697.0400000000001,5,2,3,New customer
933,13598,47,1,180.17,3,1,1,Normal
934,13599,1,21,5153.67,5,5,5,Champion
935,13600,312,1,219.52,1,1,1,Normal
936,13601,45,2,693.3200000000002,3,2,3,Normal
937,13602,65,1,428.88999999999993,3,1,2,Normal
938,13603,26,1,164.34,4,1,1,New customer
939,13606,29,3,280.53999999999996,4,3,2,Loyal
940,13607,40,1,678.01,3,1,3,Normal
941,13610,12,7,1131.88,5,5,4,Champion
942,13611,89,3,1171.8000000000002,2,3,4,At risk
943,13614,24,4,1610.46,4,4,4,Champion
944,13615,319,1,417.69000000000005,1,1,2,Normal
945,13617,40,3,544.1800000000001,3,3,3,Loyal
946,13618,174,1,177.33999999999997,2,1,1,Normal
947,13621,117,1,213.85,2,1,1,Normal
948,13623,31,5,747.78,4,4,3,Loyal
949,13626,253,1,257.23,1,1,2,Normal
950,13627,59,5,1638.47,3,4,4,Loyal
951,13629,23,11,7792.36,4,5,5,Champion
952,13630,5,7,2031.7799999999997,5,5,4,Champion
953,13631,100,11,3070.42,2,5,5,At risk
954,13632,25,5,2121.27,4,4,5,Champion
955,13634,33,5,1575.16,4,4,4,Champion
956,13635,68,1,1071.03,3,1,4,Normal
957,13636,37,5,949.1199999999999,3,4,4,Loyal
958,13637,52,3,810.5,3,3,3,Loyal
959,13638,16,1,122.64,4,1,1,New customer
960,13639,74,1,1033.3400000000001,2,1,4,Lost high value
961,13642,216,1,354.8,1,1,2,Normal
962,13643,31,3,519.44,4,3,3,Loyal
963,13644,16,4,2624.26,4,4,5,Champion
964,13645,120,1,252.1,2,1,2,Normal
965,13647,10,4,1678.1200000000003,5,4,4,Champion
966,13649,257,2,346.6,1,2,2,Normal
967,13650,17,6,1836.3399999999997,4,5,4,Champion
968,13651,35,2,94.2,3,2,1,Normal
969,13652,46,3,1095.0800000000004,3,3,4,Loyal
970,13654,43,6,2707.3300000000004,3,5,5,Loyal
971,13655,114,2,932.97,2,2,3,Normal
972,13656,165,2,379.65,2,2,2,Normal
973,13657,11,2,382.14,5,2,2,New customer
974,13658,10,5,2639.1699999999996,5,4,5,Champion
975,13659,206,2,1573.1999999999998,1,2,4,At risk
976,13662,86,3,897.76,2,3,3,Normal
977,13663,179,1,189.47,2,1,1,Normal
978,13666,60,3,84.65,3,3,1,Loyal
979,13667,149,1,305.0199999999999,2,1,2,Normal
980,13668,3,21,6363.59,5,5,5,Champion
981,13669,51,2,218.55,3,2,1,Normal
982,13670,75,1,349.7,2,1,2,Normal
983,13672,301,2,186.39,1,2,1,Normal
984,13673,19,2,396.91999999999996,4,2,2,New customer
985,13675,151,2,486.82000000000005,2,2,2,Normal
986,13678,152,1,232.59999999999997,2,1,1,Normal
987,13680,1,4,3722.42,5,4,5,Champion
988,13681,18,4,827.83,4,4,3,Loyal
989,13682,187,1,59.5,1,1,1,Normal
990,13684,286,1,67.23,1,1,1,Normal
991,13685,3,7,3119.4400000000005,5,5,5,Champion
992,13686,183,1,72.0,1,1,1,Normal
993,13689,63,1,910.0,3,1,3,Normal
994,13690,59,1,172.25,3,1,1,Normal
995,13692,25,3,1488.3200000000002,4,3,4,Loyal
996,13694,4,50,65039.62,5,5,5,Champion
997,13695,31,15,2504.13,4,5,5,Champion
998,13697,39,1,151.3,3,1,1,Normal
999,13699,155,1,308.58000000000004,2,1,2,Normal
1000,13700,26,10,2265.12,4,5,5,Champion
1001,13703,318,1,99.5,1,1,1,Normal
1002,13704,5,9,2308.06,5,5,5,Champion
1003,13705,8,3,711.8599999999999,5,3,3,Loyal
1004,13706,303,1,330.79,1,1,2,Normal
1005,13707,267,2,806.4100000000001,1,2,3,Normal
1006,13708,271,1,296.87999999999994,1,1,2,Normal
1007,13709,4,13,6328.05,5,5,5,Champion
1008,13710,32,1,180.48,4,1,1,New customer
1009,13711,219,2,252.06000000000003,1,2,2,Normal
1010,13712,247,1,228.83999999999997,1,1,1,Normal
1011,13715,281,5,1079.3400000000001,1,4,4,At risk
1012,13716,269,1,138.28,1,1,1,Normal
1013,13717,32,6,1445.0100000000002,4,5,4,Champion
1014,13718,246,2,306.55,1,2,2,Normal
1015,13719,15,5,1041.68,4,4,4,Champion
1016,13720,117,4,799.9,2,4,3,Normal
1017,13721,36,1,524.14,3,1,3,Normal
1018,13722,132,3,2375.41,2,3,5,At risk
1019,13723,217,1,199.85000000000002,1,1,1,Normal
1020,13725,50,8,1980.56,3,5,4,Loyal
1021,13726,39,2,1079.6599999999999,3,2,4,Normal
1022,13727,29,2,333.48,4,2,2,New customer
1023,13728,37,6,1016.1400000000001,3,5,4,Loyal
1024,13730,136,2,752.6,2,2,3,Normal
1025,13731,219,2,610.5900000000001,1,2,3,Normal
1026,13732,28,1,491.86,4,1,3,New customer
1027,13735,25,4,2885.2400000000002,4,4,5,Champion
1028,13736,5,2,731.9000000000001,5,2,3,New customer
1029,13737,200,1,339.59999999999997,1,1,2,Normal
1030,13739,18,1,216.9,4,1,1,New customer
1031,13740,241,1,350.75000000000006,1,1,2,Normal
1032,13741,72,3,668.4300000000001,3,3,3,Loyal
1033,13742,17,12,3131.02,4,5,5,Champion
1034,13743,3,7,1341.5999999999997,5,5,4,Champion
1035,13744,95,2,1156.36,2,2,4,At risk
1036,13745,162,1,300.03999999999996,2,1,2,Normal
1037,13747,374,1,79.6,1,1,1,Normal
1038,13748,96,5,948.25,2,4,4,At risk
1039,13750,54,5,1647.26,3,4,4,Loyal
1040,13751,288,1,296.25,1,1,2,Normal
1041,13752,124,6,1186.28,2,5,4,At risk
1042,13753,288,1,741.26,1,1,3,Normal
1043,13754,152,2,282.6,2,2,2,Normal
1044,13755,4,9,2161.35,5,5,5,Champion
1045,13756,2,14,5189.52,5,5,5,Champion
1046,13758,12,7,3190.55,5,5,5,Champion
1047,13759,33,2,659.4100000000001,4,2,3,New customer
1048,13760,54,2,286.78999999999996,3,2,2,Normal
1049,13761,50,2,1070.65,3,2,4,Normal
1050,13762,219,1,306.71999999999997,1,1,2,Normal
1051,13763,63,1,1714.96,3,1,4,Normal
1052,13764,71,3,1521.76,3,3,4,Loyal
1053,13767,2,37,17220.36,5,5,5,Champion
1054,13769,2,10,2796.51,5,5,5,Champion
1055,13771,64,4,2634.4500000000003,3,4,5,Loyal
1056,13772,34,3,1132.13,3,3,4,Loyal
1057,13774,82,1,345.0,2,1,2,Normal
1058,13777,1,33,25977.159999999996,5,5,5,Champion
1059,13778,103,1,178.7,2,1,1,Normal
1060,13780,7,2,360.01,5,2,2,New customer
1061,13781,251,1,127.84,1,1,1,Normal
1062,13782,13,6,912.0000000000001,5,5,3,Loyal
1063,13784,10,11,2462.79,5,5,5,Champion
1064,13786,367,1,230.39999999999998,1,1,1,Normal
1065,13787,76,2,309.04,2,2,2,Normal
1066,13790,4,1,348.79999999999995,5,1,2,New customer
1067,13791,128,2,1516.0,2,2,4,At risk
1068,13792,66,2,195.55000000000004,3,2,1,Normal
1069,13798,1,57,37153.85,5,5,5,Champion
1070,13799,117,2,688.8600000000001,2,2,3,Normal
1071,13800,310,1,558.3199999999999,1,1,3,Normal
1072,13801,67,1,324.79999999999995,3,1,2,Normal
1073,13802,139,3,4599.419999999999,2,3,5,At risk
1074,13803,255,1,277.07,1,1,2,Normal
1075,13804,31,7,2635.79,4,5,5,Champion
1076,13805,52,2,924.6,3,2,3,Normal
1077,13806,64,1,256.38,3,1,2,Normal
1078,13807,367,1,112.60000000000001,1,1,1,Normal
1079,13808,6,5,1747.6600000000003,5,4,4,Champion
1080,13809,305,1,155.05,1,1,1,Normal
1081,13810,29,3,1499.01,4,3,4,Loyal
1082,13811,184,3,814.5,1,3,3,Normal
1083,13812,42,3,539.0,3,3,3,Loyal
1084,13813,40,4,1366.8600000000001,3,4,4,Loyal
1085,13814,92,2,1579.12,2,2,4,At risk
1086,13815,22,4,4027.36,4,4,5,Champion
1087,13816,24,2,571.6700000000001,4,2,3,New customer
1088,13817,29,2,382.98,4,2,2,New customer
1089,13819,302,3,1140.35,1,3,4,At risk
1090,13821,145,2,385.64,2,2,2,Normal
1091,13822,6,2,632.0,5,2,3,New customer
1092,13823,19,2,957.6600000000001,4,2,4,New customer
1093,13824,33,5,1698.9400000000003,4,4,4,Champion
1094,13826,176,1,189.5,2,1,1,Normal
1095,13827,58,3,412.04999999999995,3,3,2,Loyal
1096,13828,22,1,209.48999999999998,4,1,1,New customer
1097,13831,16,6,2202.99,4,5,5,Champion
1098,13832,19,1,52.199999999999996,4,1,1,New customer
1099,13833,159,1,384.79999999999995,2,1,2,Normal
1100,13835,25,4,834.5699999999998,4,4,3,Loyal
1101,13837,212,2,271.23999999999995,1,2,2,Normal
1102,13838,6,4,691.73,5,4,3,Loyal
1103,13841,253,1,85.0,1,1,1,Normal
1104,13842,59,9,3385.62,3,5,5,Loyal
1105,13844,11,1,361.61999999999995,5,1,2,New customer
1106,13845,65,1,312.98,3,1,2,Normal
1107,13846,25,3,865.06,4,3,3,Loyal
1108,13848,92,3,1255.0,2,3,4,At risk
1109,13849,52,2,1537.9500000000003,3,2,4,Normal
1110,13850,129,1,1595.4800000000005,2,1,4,Lost high value
1111,13851,96,3,2651.4600000000005,2,3,5,At risk
1112,13853,57,1,1090.1399999999999,3,1,4,Normal
1113,13854,9,25,8109.519999999999,5,5,5,Champion
1114,13856,169,3,388.5,2,3,2,Normal
1115,13858,57,1,216.17000000000002,3,1,1,Normal
1116,13859,326,1,201.16,1,1,1,Normal
1117,13860,1,5,1245.9,5,4,4,Champion
1118,13862,18,8,2209.3599999999997,4,5,5,Champion
1119,13863,248,1,305.78,1,1,2,Normal
1120,13865,58,4,501.56,3,4,3,Loyal
1121,13866,74,1,145.67000000000002,2,1,1,Normal
1122,13867,31,3,1015.29,4,3,4,Loyal
1123,13868,7,2,3192.54,5,2,5,New customer
1124,13869,123,4,3104.9500000000003,2,4,5,At risk
1125,13870,2,8,2770.94,5,5,5,Champion
1126,13871,23,13,6403.25,4,5,5,Champion
1127,13873,120,3,389.59999999999997,2,3,2,Normal
1128,13874,358,1,540.45,1,1,3,Normal
1129,13875,54,5,1786.7900000000002,3,4,4,Loyal
1130,13876,64,1,122.69999999999999,3,1,1,Normal
1131,13877,86,1,117.24,2,1,1,Normal
1132,13878,55,1,1281.5300000000002,3,1,4,Normal
1133,13880,21,13,3219.7700000000004,4,5,5,Champion
1134,13881,4,20,17159.52,5,5,5,Champion
1135,13882,3,5,1191.13,5,4,4,Champion
1136,13883,11,5,2674.4800000000005,5,4,5,Champion
1137,13884,7,5,787.6,5,4,3,Loyal
1138,13885,189,2,506.8,1,2,3,Normal
1139,13886,71,1,243.55999999999997,3,1,1,Normal
1140,13887,204,1,349.55,1,1,2,Normal
1141,13888,120,2,605.63,2,2,3,Normal
1142,13889,93,1,416.90000000000003,2,1,2,Normal
1143,13890,1,10,1883.8100000000002,5,5,4,Champion
1144,13892,27,4,632.9699999999999,4,4,3,Loyal
1145,13893,298,1,821.0999999999999,1,1,3,Normal
1146,13894,24,3,564.62,4,3,3,Loyal
1147,13895,28,4,2593.07,4,4,5,Champion
1148,13897,50,1,311.15999999999997,3,1,2,Normal
1149,13898,326,1,155.93,1,1,1,Normal
1150,13899,16,2,388.52000000000004,4,2,2,New customer
1151,13900,183,3,740.95,1,3,3,Normal
1152,13901,72,5,2867.2000000000003,3,4,5,Loyal
1153,13904,37,2,332.64,3,2,2,Normal
1154,13908,80,4,2369.5499999999997,2,4,5,At risk
1155,13911,57,9,2580.91,3,5,5,Loyal
1156,13914,12,2,626.45,5,2,3,New customer
1157,13917,50,2,272.04,3,2,2,Normal
1158,13918,50,2,1212.8400000000004,3,2,4,Normal
1159,13919,59,2,384.80999999999995,3,2,2,Normal
1160,13922,352,1,172.25,1,1,1,Normal
1161,13923,54,1,351.13,3,1,2,Normal
1162,13924,2,6,1838.85,5,5,4,Champion
1163,13925,93,4,678.25,2,4,3,Normal
1164,13926,23,1,223.85000000000002,4,1,1,New customer
1165,13927,75,1,348.99000000000007,2,1,2,Normal
1166,13928,11,4,464.56999999999994,5,4,2,Loyal
1167,13929,169,2,842.65,2,2,3,Normal
1168,13930,58,2,337.34,3,2,2,Normal
1169,13931,96,2,1237.53,2,2,4,At risk
1170,13932,295,1,307.4,1,1,2,Normal
1171,13933,109,2,608.79,2,2,3,Normal
1172,13934,264,1,922.0999999999999,1,1,3,Normal
1173,13936,180,1,376.58000000000004,1,1,2,Normal
1174,13937,169,1,158.85,2,1,1,Normal
1175,13938,35,1,71.66,3,1,1,Normal
1176,13939,23,3,568.55,4,3,3,Loyal
1177,13940,17,4,839.1400000000001,4,4,3,Loyal
1178,13941,22,5,5112.960000000001,4,4,5,Champion
1179,13946,79,3,561.57,2,3,3,Normal
1180,13947,65,1,90.6,3,1,1,Normal
1181,13948,361,1,101.99999999999999,1,1,1,Normal
1182,13949,3,6,2427.32,5,5,5,Champion
1183,13950,11,4,745.0600000000001,5,4,3,Loyal
1184,13951,176,3,674.45,2,3,3,Normal
1185,13952,218,2,3251.0710000000004,1,2,5,At risk
1186,13953,7,7,3515.6800000000003,5,5,5,Champion
1187,13954,2,2,439.91999999999996,5,3,2,Loyal
1188,13955,154,2,322.96000000000004,2,3,2,Normal
1189,13956,5,5,1026.42,5,4,4,Champion
1190,13959,79,3,598.2,2,3,3,Normal
1191,13960,21,2,230.22000000000003,4,3,1,Loyal
1192,13962,22,2,169.54999999999995,4,3,1,Loyal
1193,13963,308,4,664.54,1,4,3,Normal
1194,13967,146,1,80.7,2,1,1,Normal
1195,13969,7,18,9053.94,5,5,5,Champion
1196,13971,19,8,2758.26,4,5,5,Champion
1197,13972,71,2,190.25,3,3,1,Loyal
1198,13973,287,1,264.7,1,1,2,Normal
1199,13974,49,1,413.59000000000003,3,1,2,Normal
1200,13975,31,6,2526.28,4,5,5,Champion
1201,13976,207,1,357.98,1,1,2,Normal
1202,13978,15,2,196.79,4,3,1,Loyal
1203,13979,73,1,869.8700000000001,2,1,3,Normal
1204,13980,60,1,200.14,3,1,1,Normal
1205,13982,39,4,1871.8099999999997,3,4,4,Loyal
1206,13983,30,12,2603.4300000000003,4,5,5,Champion
1207,13984,27,5,920.51,4,4,3,Loyal
1208,13985,4,15,7060.130000000001,5,5,5,Champion
1209,13986,17,1,320.46000000000004,4,1,2,New customer
1210,13988,20,6,4147.96,4,5,5,Champion
1211,13989,66,2,1266.0800000000002,3,3,4,Loyal
1212,13990,213,1,311.3,1,1,2,Normal
1213,13991,12,6,855.9699999999999,5,5,3,Loyal
1214,13992,30,1,76.8,4,1,1,New customer
1215,13993,43,9,3466.3599999999997,3,5,5,Loyal
1216,13994,4,6,2313.1400000000003,5,5,5,Champion
1217,13995,15,5,1393.6900000000003,4,4,4,Champion
1218,13999,10,12,3901.81,5,5,5,Champion
1219,14000,211,1,635.6600000000001,1,1,3,Normal
1220,14001,46,3,2043.0800000000002,3,3,4,Loyal
1221,14002,134,2,529.73,2,3,3,Normal
1222,14004,43,7,4582.64,3,5,5,Loyal
1223,14005,10,5,2874.7200000000003,5,4,5,Champion
1224,14006,116,3,962.19,2,3,4,At risk
1225,14009,198,2,695.61,1,3,3,Normal
1226,14012,278,1,328.8,1,1,2,Normal
1227,14013,110,3,473.02000000000004,2,3,2,Normal
1228,14014,77,1,505.17999999999995,2,1,3,Normal
1229,14015,53,1,917.34,3,1,3,Normal
1230,14016,162,4,4341.21,2,4,5,At risk
1231,14019,47,3,1421.6100000000001,3,3,4,Loyal
1232,14020,17,2,642.8000000000001,4,3,3,Loyal
1233,14021,155,3,631.9,2,3,3,Normal
1234,14022,225,1,440.00000000000006,1,1,2,Normal
1235,14023,7,2,584.0699999999999,5,3,3,Loyal
1236,14024,122,2,327.70000000000005,2,3,2,Normal
1237,14027,61,1,104.82000000000002,3,1,1,Normal
1238,14029,63,2,467.6599999999999,3,3,2,Loyal
1239,14030,18,8,2360.09,4,5,5,Champion
1240,14031,7,19,17286.86,5,5,5,Champion
1241,14032,2,11,2975.59,5,5,5,Champion
1242,14034,22,3,651.8199999999999,4,3,3,Loyal
1243,14035,29,5,1428.02,4,4,4,Champion
1244,14036,285,1,626.65,1,1,3,Normal
1245,14037,176,2,147.2,2,3,1,Normal
1246,14038,78,3,1560.3799999999999,2,3,4,At risk
1247,14039,33,1,152.2,4,1,1,New customer
1248,14040,41,12,3614.92,3,5,5,Loyal
1249,14041,266,1,141.41000000000003,1,1,1,Normal
1250,14044,27,4,652.8199999999999,4,4,3,Loyal
1251,14045,109,4,1659.75,2,4,4,At risk
1252,14046,284,1,154.99,1,1,1,Normal
1253,14047,9,5,1308.6100000000001,5,4,4,Champion
1254,14048,305,1,409.92999999999995,1,1,2,Normal
1255,14049,17,4,5681.719999999999,4,4,5,Champion
1256,14050,32,2,746.36,4,3,3,Loyal
1257,14051,1,23,15610.39,5,5,5,Champion
1258,14052,20,1,225.36,4,1,1,New customer
1259,14053,124,2,260.25,2,3,2,Normal
1260,14054,65,1,92.46000000000001,3,1,1,Normal
1261,14055,106,1,725.64,2,1,3,Normal
1262,14056,1,23,8214.650000000001,5,5,5,Champion
1263,14057,24,17,6217.959999999999,4,5,5,Champion
1264,14059,267,1,183.6,1,1,1,Normal
1265,14060,5,19,6140.42,5,5,5,Champion
1266,14062,10,12,10464.85,5,5,5,Champion
1267,14064,29,5,1353.7399999999998,4,4,4,Champion
1268,14066,267,1,152.55,1,1,1,Normal
1269,14067,64,2,374.7,3,3,2,Loyal
1270,14068,320,1,265.85,1,1,2,Normal
1271,14071,4,8,1438.82,5,5,4,Champion
1272,14073,32,1,151.04,4,1,1,New customer
1273,14075,5,3,942.26,5,3,3,Loyal
1274,14076,129,1,122.47000000000001,2,1,1,Normal
1275,14077,41,5,499.42,3,4,3,Loyal
1276,14078,102,6,1049.37,2,5,4,At risk
1277,14079,125,1,375.0999999999999,2,1,2,Normal
1278,14080,33,1,45.599999999999994,4,1,1,New customer
1279,14081,302,2,934.52,1,3,3,Normal
1280,14082,365,1,182.25,1,1,1,Normal
1281,14083,4,9,1018.4300000000002,5,5,4,Champion
1282,14085,2,18,4448.540000000001,5,5,5,Champion
1283,14087,3,1,194.42,5,1,1,New customer
1284,14088,10,13,50491.810000000005,5,5,5,Champion
1285,14089,57,1,161.0,3,1,1,Normal
1286,14090,325,1,76.32000000000001,1,1,1,Normal
1287,14092,8,14,4076.9100000000003,5,5,5,Champion
1288,14093,12,1,442.84999999999997,5,1,2,New customer
1289,14096,4,17,65164.79,5,5,5,Champion
1290,14098,37,1,147.35,3,1,1,Normal
1291,14099,16,11,3104.17,4,5,5,Champion
1292,14100,138,1,194.9,2,1,1,Normal
1293,14101,74,6,5976.79,2,5,5,At risk
1294,14102,5,5,1360.2800000000002,5,4,4,Champion
1295,14104,155,2,216.21,2,3,1,Normal
1296,14105,239,1,1266.23,1,1,4,Lost high value
1297,14107,52,7,2703.23,3,5,5,Loyal
1298,14108,31,2,597.91,4,3,3,Loyal
1299,14109,73,1,144.20000000000002,2,1,1,Normal
1300,14110,4,12,5683.15,5,5,5,Champion
1301,14111,14,4,692.85,4,4,3,Loyal
1302,14112,23,7,2915.15,4,5,5,Champion
1303,14113,4,4,1840.42,5,4,4,Champion
1304,14114,274,2,386.52999999999986,1,3,2,Normal
1305,14116,20,5,1382.74,4,4,4,Champion
1306,14117,144,1,90.0,2,1,1,Normal
1307,14121,4,4,2780.15,5,4,5,Champion
1308,14124,84,1,419.58,2,1,2,Normal
1309,14125,11,3,2740.4300000000003,5,3,5,Loyal
1310,14126,8,3,706.1300000000001,5,3,3,Loyal
1311,14127,123,3,709.71,2,3,3,Normal
1312,14128,61,2,637.5000000000001,3,3,3,Loyal
1313,14129,2,5,1123.86,5,4,4,Champion
1314,14130,319,1,483.85999999999996,1,1,2,Normal
1315,14132,2,11,3586.0299999999997,5,5,5,Champion
1316,14133,130,3,605.64,2,3,3,Normal
1317,14135,2,15,4690.3099999999995,5,5,5,Champion
1318,14138,2,2,982.3800000000001,5,3,4,Loyal
1319,14139,46,1,415.82,3,1,2,Normal
1320,14140,4,2,935.05,5,3,3,Loyal
1321,14141,3,4,915.13,5,4,3,Loyal
1322,14142,373,1,311.81,1,1,2,Normal
1323,14143,134,1,115.8,2,1,1,Normal
1324,14145,47,4,3742.2,3,4,5,Loyal
1325,14146,9,5,4191.0,5,4,5,Champion
1326,14147,78,2,483.4,2,3,2,Normal
1327,14148,234,1,157.2,1,1,1,Normal
1328,14149,221,1,446.62,1,1,2,Normal
1329,14150,36,2,658.6400000000001,3,3,3,Loyal
1330,14152,75,2,621.2900000000001,2,3,3,Normal
1331,14154,239,2,1345.6200000000001,1,3,4,At risk
1332,14155,266,1,118.75,1,1,1,Normal
1333,14156,10,55,117379.63,5,5,5,Champion
1334,14157,20,2,432.88,4,3,2,Loyal
1335,14158,40,1,507.65999999999997,3,1,3,Normal
1336,14159,20,11,4693.01,4,5,5,Champion
1337,14161,216,3,1110.5200000000002,1,3,4,At risk
1338,14162,174,2,289.36,2,3,2,Normal
1339,14163,87,4,2445.91,2,4,5,At risk
1340,14164,71,2,1631.77,3,3,4,Loyal
1341,14165,276,1,122.53999999999999,1,1,1,Normal
1342,14167,39,4,574.8400000000001,3,4,3,Loyal
1343,14171,98,1,363.78999999999996,2,1,2,Normal
1344,14173,11,4,450.84,5,4,2,Loyal
1345,14174,33,1,134.45999999999998,4,1,1,New customer
1346,14175,60,3,3222.3,3,3,5,Loyal
1347,14176,297,4,576.9,1,4,3,Normal
1348,14177,86,4,559.41,2,4,3,Normal
1349,14178,9,7,1620.9300000000003,5,5,4,Champion
1350,14179,41,2,719.78,3,3,3,Loyal
1351,14180,11,25,4748.5199999999995,5,5,5,Champion
1352,14184,67,1,452.89,3,1,2,Normal
1353,14185,331,1,197.65,1,1,1,Normal
1354,14188,31,6,2054.3599999999997,4,5,4,Champion
1355,14189,2,15,4654.08,5,5,5,Champion
1356,14191,2,13,4684.76,5,5,5,Champion
1357,14193,68,2,853.39,3,3,3,Loyal
1358,14194,5,21,11349.52,5,5,5,Champion
1359,14195,202,2,1011.9999999999998,1,3,4,At risk
1360,14196,107,1,335.52,2,1,2,Normal
1361,14198,18,4,701.3999999999999,4,4,3,Loyal
1362,14199,218,1,185.39999999999998,1,1,1,Normal
1363,14201,60,7,747.44,3,5,3,Loyal
1364,14204,2,1,161.02999999999997,5,1,1,New customer
1365,14205,17,2,466.70000000000005,4,3,2,Loyal
1366,14206,239,1,328.15999999999997,1,1,2,Normal
1367,14208,95,1,151.74,2,1,1,Normal
1368,14209,11,6,2073.4300000000003,5,5,5,Champion
1369,14210,106,6,1905.8400000000004,2,5,4,At risk
1370,14211,53,9,2241.0999999999995,3,5,5,Loyal
1371,14212,90,1,1070.48,2,1,4,Lost high value
1372,14214,31,5,1004.38,4,4,4,Champion
1373,14215,12,6,1789.72,5,5,4,Champion
1374,14216,3,4,1839.3000000000002,5,4,4,Champion
1375,14217,2,17,2004.9800000000002,5,5,4,Champion
1376,14218,43,1,169.47999999999996,3,1,1,Normal
1377,14219,4,1,89.94,5,1,1,New customer
1378,14220,247,2,632.4000000000001,1,3,3,Normal
1379,14221,42,9,3432.8,3,5,5,Loyal
1380,14222,177,1,683.1700000000001,2,1,3,Normal
1381,14223,92,3,991.1300000000001,2,3,4,At risk
1382,14224,110,4,1050.1200000000001,2,4,4,At risk
1383,14226,29,5,2232.1899999999996,4,4,5,Champion
1384,14227,26,10,3350.96,4,5,5,Champion
1385,14229,52,3,1547.2,3,3,4,Loyal
1386,14231,184,3,925.7099999999999,1,3,3,Normal
1387,14232,43,5,2048.07,3,4,4,Loyal
1388,14233,49,4,1462.7200000000003,3,4,4,Loyal
1389,14234,22,4,775.4599999999999,4,4,3,Loyal
1390,14235,75,5,3144.859999999999,2,4,5,At risk
1391,14236,81,2,490.86,2,3,3,Normal
1392,14237,373,1,161.0,1,1,1,Normal
1393,14238,326,1,146.85,1,1,1,Normal
1394,14239,43,11,2380.85,3,5,5,Loyal
1395,14240,30,2,890.3399999999999,4,3,3,Loyal
1396,14241,184,1,213.70000000000005,1,1,1,Normal
1397,14242,235,2,280.54999999999995,1,3,2,Normal
1398,14243,9,10,2588.77,5,5,5,Champion
1399,14245,220,2,1693.4500000000003,1,3,4,At risk
1400,14246,111,3,1474.06,2,3,4,At risk
1401,14247,278,1,136.76999999999998,1,1,1,Normal
1402,14248,318,1,302.58000000000004,1,1,2,Normal
1403,14250,7,3,1904.0499999999997,5,3,4,Loyal
1404,14251,2,5,2879.7,5,4,5,Champion
1405,14256,260,2,969.0600000000001,1,3,4,At risk
1406,14257,64,5,3099.7200000000003,3,4,5,Loyal
1407,14258,9,9,12669.980000000001,5,5,5,Champion
1408,14259,142,1,120.0,2,1,1,Normal
1409,14261,51,2,1163.45,3,3,4,Loyal
1410,14262,8,8,2618.2299999999996,5,5,5,Champion
1411,14264,155,2,333.97,2,3,2,Normal
1412,14265,109,2,530.1800000000001,2,3,3,Normal
1413,14267,163,3,1516.2399999999998,2,3,4,At risk
1414,14270,332,1,492.65000000000003,1,1,3,Normal
1415,14271,226,1,112.32000000000002,1,1,1,Normal
1416,14272,74,2,437.96,2,3,2,Normal
1417,14273,51,4,559.97,3,4,3,Loyal
1418,14276,99,3,1119.7399999999998,2,3,4,At risk
1419,14277,15,3,4216.200000000001,4,3,5,Loyal
1420,14280,197,1,134.04,1,1,1,Normal
1421,14282,3,15,3729.34,5,5,5,Champion
1422,14284,31,2,595.25,4,3,3,Loyal
1423,14285,21,4,1910.0100000000002,4,4,4,Champion
1424,14286,24,3,4628.75,4,3,5,Loyal
1425,14287,8,3,176.63,5,3,1,Loyal
1426,14288,213,1,426.6,1,1,2,Normal
1427,14289,9,6,911.26,5,5,3,Loyal
1428,14290,11,5,2314.65,5,4,5,Champion
1429,14291,2,11,3883.249999999999,5,5,5,Champion
1430,14292,8,9,4871.929999999999,5,5,5,Champion
1431,14293,3,4,1046.56,5,4,4,Champion
1432,14295,40,1,166.20000000000002,3,1,1,Normal
1433,14297,18,4,1305.3299999999995,4,4,4,Champion
1434,14298,8,44,51527.3,5,5,5,Champion
1435,14299,8,9,3965.62,5,5,5,Champion
1436,14300,19,1,43.2,4,1,1,New customer
1437,14301,117,1,640.14,2,1,3,Normal
1438,14304,223,1,383.45,1,1,2,Normal
1439,14305,71,3,1858.96,3,3,4,Loyal
1440,14306,51,2,2093.3199999999997,3,3,5,Loyal
1441,14307,89,6,2995.72,2,5,5,At risk
1442,14309,8,9,2352.53,5,5,5,Champion
1443,14311,243,1,310.26,1,1,2,Normal
1444,14312,47,6,1611.5900000000001,3,5,4,Loyal
1445,14314,107,1,119.99999999999999,2,1,1,Normal
1446,14315,45,6,2481.1299999999997,3,5,5,Loyal
1447,14317,65,1,508.58000000000004,3,1,3,Normal
1448,14320,207,2,477.78999999999996,1,3,2,Normal
1449,14321,11,5,1530.7500000000002,5,4,4,Champion
1450,14323,115,2,605.0600000000001,2,3,3,Normal
1451,14326,242,1,183.85000000000002,1,1,1,Normal
1452,14327,163,1,311.65000000000003,2,1,2,Normal
1453,14329,17,7,5014.84,4,5,5,Champion
1454,14331,124,2,462.66,2,3,2,Normal
1455,14332,23,3,866.31,4,3,3,Loyal
1456,14333,68,1,415.20000000000005,3,1,2,Normal
1457,14334,17,8,2552.21,4,5,5,Champion
1458,14335,16,2,468.26,4,3,2,Loyal
1459,14336,17,4,1614.9099999999999,4,4,4,Champion
1460,14338,161,2,588.22,2,3,3,Normal
1461,14339,243,1,309.52000000000004,1,1,2,Normal
1462,14340,219,1,134.7,1,1,1,Normal
1463,14341,45,8,2182.28,3,5,5,Loyal
1464,14342,21,4,668.56,4,4,3,Loyal
1465,14344,127,8,889.9300000000001,2,5,3,Normal
1466,14345,39,1,108.97999999999999,3,1,1,Normal
1467,14346,121,2,1021.58,2,3,4,At risk
1468,14348,260,1,409.57,1,1,2,Normal
1469,14349,10,1,133.5,5,1,1,New customer
1470,14350,274,1,282.93,1,1,2,Normal
1471,14351,165,1,51.0,2,1,1,Normal
1472,14352,157,4,1078.96,2,4,4,At risk
1473,14353,215,1,90.6,1,1,1,Normal
1474,14354,6,2,163.62,5,3,1,Loyal
1475,14355,366,1,174.4,1,1,1,Normal
1476,14356,80,2,701.23,2,3,3,Normal
1477,14357,43,1,225.76999999999998,3,1,1,Normal
1478,14359,19,3,912.18,4,3,3,Loyal
1479,14360,32,4,2128.2300000000005,4,4,5,Champion
1480,14362,22,1,161.2,4,1,1,New customer
1481,14364,109,8,3717.35,2,5,5,At risk
1482,14367,8,16,9261.52,5,5,5,Champion
1483,14368,320,1,155.0,1,1,1,Normal
1484,14371,295,1,100.5,1,1,1,Normal
1485,14373,358,1,76.55,1,1,1,Normal
1486,14375,185,1,257.67999999999995,1,1,2,Normal
1487,14377,191,2,617.0500000000002,1,3,3,Normal
1488,14379,44,2,348.1000000000001,3,3,2,Loyal
1489,14381,52,1,202.68,3,1,1,Normal
1490,14382,26,1,626.0699999999999,4,1,3,New customer
1491,14383,38,3,1247.69,3,3,4,Loyal
1492,14385,9,3,202.11,5,3,1,Loyal
1493,14386,297,1,142.4,1,1,1,Normal
1494,14387,33,3,1770.56,4,3,4,Loyal
1495,14388,10,8,3212.84,5,5,5,Champion
1496,14389,65,2,1043.46,3,3,4,Loyal
1497,14390,10,9,4652.820000000001,5,5,5,Champion
1498,14393,218,1,67.95,1,1,1,Normal
1499,14395,2,9,3507.7100000000005,5,5,5,Champion
1500,14396,65,2,487.99,3,3,2,Loyal
1501,14397,3,19,2612.96,5,5,5,Champion
1502,14400,149,1,574.7,2,1,3,Normal
1503,14401,4,13,4051.4800000000005,5,5,5,Champion
1504,14403,130,4,1475.81,2,4,4,At risk
1505,14404,34,6,1474.3200000000002,3,5,4,Loyal
1506,14406,119,1,156.75,2,1,1,Normal
1507,14407,107,6,2157.73,2,5,5,At risk
1508,14408,11,7,2606.5300000000007,5,5,5,Champion
1509,14409,71,6,2059.4500000000003,3,5,5,Loyal
1510,14410,92,9,1105.07,2,5,4,At risk
1511,14411,311,1,1062.9999999999998,1,1,4,Lost high value
1512,14412,43,2,770.03,3,3,3,Loyal
1513,14413,362,1,122.70000000000002,1,1,1,Normal
1514,14414,92,7,1496.9799999999998,2,5,4,At risk
1515,14415,1,13,5900.280000000001,5,5,5,Champion
1516,14416,22,2,490.2200000000001,4,3,3,Loyal
1517,14418,4,3,1937.25,5,3,4,Loyal
1518,14419,11,6,1058.0600000000002,5,5,4,Champion
1519,14420,99,1,387.5200000000001,2,1,2,Normal
1520,14421,57,2,813.1099999999999,3,3,3,Loyal
1521,14422,1,6,4263.639999999999,5,5,5,Champion
1522,14423,218,1,265.2,1,1,2,Normal
1523,14424,18,1,322.08,4,1,2,New customer
1524,14426,24,10,4481.67,4,5,5,Champion
1525,14427,50,2,363.34000000000003,3,3,2,Loyal
1526,14428,7,5,1244.8300000000002,5,4,4,Champion
1527,14431,303,1,470.36,1,1,2,Normal
1528,14432,10,6,2255.51,5,5,5,Champion
1529,14434,22,6,1372.7999999999997,4,5,4,Champion
1530,14436,99,1,89.06,2,1,1,Normal
1531,14437,366,1,62.99999999999999,1,1,1,Normal
1532,14438,306,1,131.9,1,1,1,Normal
1533,14439,320,1,2661.24,1,1,5,Lost high value
1534,14440,8,5,2357.6800000000003,5,4,5,Champion
1535,14441,1,4,1712.89,5,4,4,Champion
1536,14442,205,2,1589.8200000000002,1,3,4,At risk
1537,14443,54,4,1420.2,3,4,4,Loyal
1538,14446,1,4,1039.58,5,4,4,Champion
1539,14447,19,5,1163.23,4,4,4,Champion
1540,14448,9,2,375.35,5,3,2,Loyal
1541,14449,19,4,907.0999999999999,4,4,3,Loyal
1542,14450,181,3,483.25000000000006,1,3,2,Normal
1543,14451,60,2,662.59,3,3,3,Loyal
1544,14452,11,2,264.43999999999994,5,3,2,Loyal
1545,14453,190,1,119.93,1,1,1,Normal
1546,14456,5,9,3062.3999999999996,5,5,5,Champion
1547,14457,311,1,113.63999999999999,1,1,1,Normal
1548,14459,155,1,1837.92,2,1,4,Lost high value
1549,14460,110,3,434.34,2,3,2,Normal
1550,14461,148,3,2103.0600000000004,2,3,5,At risk
1551,14462,66,11,2004.02,3,5,4,Loyal
1552,14463,98,3,529.62,2,3,3,Normal
1553,14465,247,3,1058.6200000000001,1,3,4,At risk
1554,14466,29,7,2272.4,4,5,5,Champion
1555,14467,18,4,598.7600000000002,4,4,3,Loyal
1556,14470,12,2,461.19,5,3,2,Loyal
1557,14472,104,8,1936.84,2,5,4,At risk
1558,14473,74,2,234.34000000000003,2,3,1,Normal
1559,14474,46,1,547.6599999999999,3,1,3,Normal
1560,14475,72,3,925.85,3,3,3,Loyal
1561,14476,257,1,215.7,1,1,1,Normal
1562,14477,20,4,1309.6000000000001,4,4,4,Champion
1563,14479,254,2,316.24999999999994,1,3,2,Normal
1564,14480,11,1,279.04999999999995,5,1,2,New customer
1565,14481,165,2,636.51,2,3,3,Normal
1566,14482,18,6,2068.1499999999996,4,5,5,Champion
1567,14483,282,1,137.1,1,1,1,Normal
1568,14484,50,1,321.92,3,1,2,Normal
1569,14485,39,1,165.74999999999994,3,1,1,Normal
1570,14487,27,6,1196.33,4,5,4,Champion
1571,14488,68,1,1064.2800000000002,3,1,4,Normal
1572,14489,207,1,463.38,1,1,2,Normal
1573,14491,175,2,340.93,2,3,2,Normal
1574,14493,7,5,2383.24,5,4,5,Champion
1575,14494,26,1,139.56,4,1,1,New customer
1576,14495,51,2,123.79999999999998,3,3,1,Loyal
1577,14496,312,2,538.81,1,3,3,Normal
1578,14497,309,1,475.37,1,1,2,Normal
1579,14498,43,5,1957.32,3,4,4,Loyal
1580,14499,26,3,815.3200000000002,4,3,3,Loyal
1581,14500,88,3,356.85,2,3,2,Normal
1582,14501,184,2,251.20999999999998,1,3,2,Normal
1583,14502,20,11,2470.67,4,5,5,Champion
1584,14503,3,6,3543.2599999999998,5,5,5,Champion
1585,14504,47,4,673.26,3,4,3,Loyal
1586,14505,17,8,5905.64,4,5,5,Champion
1587,14506,17,5,2012.1700000000003,4,4,4,Champion
1588,14507,24,6,1383.18,4,5,4,Champion
1589,14508,22,2,276.41999999999996,4,3,2,Loyal
1590,14511,11,5,1314.8100000000002,5,4,4,Champion
1591,14512,188,2,275.28,1,3,2,Normal
1592,14513,101,3,455.59,2,3,2,Normal
1593,14514,61,3,1055.3500000000001,3,3,4,Loyal
1594,14515,18,6,2102.09,4,5,5,Champion
1595,14517,33,2,330.45,4,3,2,Loyal
1596,14518,64,1,174.37,3,1,1,Normal
1597,14520,2,2,270.6,5,3,2,Loyal
1598,14522,24,4,974.54,4,4,4,Champion
1599,14523,108,1,241.09000000000003,2,1,1,Normal
1600,14524,32,9,1867.6800000000003,4,5,4,Champion
1601,14525,20,9,4332.2,4,5,5,Champion
1602,14527,3,55,8508.820000000002,5,5,5,Champion
1603,14528,37,1,364.22,3,1,2,Normal
1604,14529,60,3,620.04,3,3,3,Loyal
1605,14530,26,6,2925.91,4,5,5,Champion
1606,14532,236,4,932.8499999999999,1,4,3,Normal
1607,14533,25,7,1949.72,4,5,4,Champion
1608,14534,3,18,4447.050000000001,5,5,5,Champion
1609,14535,60,3,2864.19,3,3,5,Loyal
1610,14536,260,1,171.8,1,1,1,Normal
1611,14537,58,1,355.56,3,1,2,Normal
1612,14538,65,2,388.24999999999994,3,3,2,Loyal
1613,14539,16,2,537.48,4,3,3,Loyal
1614,14540,10,3,996.2600000000001,5,3,4,Loyal
1615,14541,59,8,1461.6500000000003,3,5,4,Loyal
1616,14542,186,1,103.25,1,1,1,Normal
1617,14543,29,16,3630.33,4,5,5,Champion
1618,14544,24,2,2024.4499999999998,4,3,4,Loyal
1619,14546,5,5,2578.09,5,4,5,Champion
1620,14547,4,8,4007.5400000000004,5,5,5,Champion
1621,14548,151,2,652.8,2,3,3,Normal
1622,14549,311,1,289.24,1,1,2,Normal
1623,14550,11,2,765.62,5,3,3,Loyal
1624,14551,18,2,186.23000000000002,4,3,1,Loyal
1625,14552,152,1,165.07,2,1,1,Normal
1626,14553,19,5,859.27,4,4,3,Loyal
1627,14554,10,4,2381.04,5,4,5,Champion
1628,14555,57,2,324.14,3,3,2,Loyal
1629,14557,85,1,788.38,2,1,3,Normal
1630,14560,7,22,2237.77,5,5,5,Champion
1631,14561,76,3,1080.76,2,3,4,At risk
1632,14562,4,18,5074.77,5,5,5,Champion
1633,14565,96,4,3099.12,2,4,5,At risk
1634,14566,111,1,1432.0,2,1,4,Lost high value
1635,14567,57,2,1530.3600000000001,3,3,4,Loyal
1636,14569,1,1,227.39,5,1,1,New customer
1637,14570,281,2,218.05999999999997,1,3,1,Normal
1638,14572,3,7,2832.84,5,5,5,Champion
1639,14573,180,9,1653.42,1,5,4,At risk
1640,14576,372,1,35.400000000000006,1,1,1,Normal
1641,14577,13,4,859.7100000000002,5,4,3,Loyal
1642,14578,3,1,168.63,5,1,1,New customer
1643,14581,17,1,138.6,4,1,1,New customer
1644,14582,41,1,114.11000000000001,3,1,1,Normal
1645,14583,6,5,1052.5500000000002,5,4,4,Champion
1646,14584,169,4,1042.26,2,4,4,At risk
1647,14585,50,1,157.05,3,1,1,Normal
1648,14586,277,1,237.35999999999999,1,1,1,Normal
1649,14587,19,9,1601.14,4,5,4,Champion
1650,14589,372,1,39.75,1,1,1,Normal
1651,14591,15,4,1447.1400000000003,4,4,4,Champion
1652,14592,35,3,570.4599999999999,3,3,3,Loyal
1653,14593,22,3,617.99,4,3,3,Loyal
1654,14594,7,2,379.83000000000004,5,3,2,Loyal
1655,14595,20,6,1740.6,4,5,4,Champion
1656,14597,11,2,883.15,5,3,3,Loyal
1657,14598,44,1,221.96999999999997,3,1,1,Normal
1658,14600,306,1,393.33,1,1,2,Normal
1659,14601,11,1,213.96,5,1,1,New customer
1660,14603,275,1,660.0,1,1,3,Normal
1661,14606,1,93,12156.650000000001,5,5,5,Champion
1662,14607,16,14,16569.5,4,5,5,Champion
1663,14608,4,4,1785.15,5,4,4,Champion
1664,14609,72,4,601.56,3,4,3,Loyal
1665,14616,243,3,406.08000000000004,1,3,2,Normal
1666,14618,9,3,553.44,5,3,3,Loyal
1667,14619,246,1,394.43999999999994,1,1,2,Normal
1668,14620,206,2,412.78,1,3,2,Normal
1669,14621,1,5,1788.3600000000004,5,4,4,Champion
1670,14622,185,1,320.58000000000004,1,1,2,Normal
1671,14623,32,5,889.25,4,4,3,Loyal
1672,14624,57,2,225.85000000000002,3,3,1,Loyal
1673,14625,196,2,899.63,1,3,3,Normal
1674,14626,24,4,2791.27,4,4,5,Champion
1675,14628,91,2,671.96,2,3,3,Normal
1676,14629,4,2,959.01,5,3,4,Loyal
1677,14631,51,3,1006.98,3,3,4,Loyal
1678,14632,263,1,114.56,1,1,1,Normal
1679,14633,266,1,344.8999999999999,1,1,2,Normal
1680,14636,36,2,609.8499999999999,3,3,3,Loyal
1681,14638,51,1,443.59999999999997,3,1,2,Normal
1682,14639,52,6,2984.4900000000002,3,5,5,Loyal
1683,14640,24,6,2125.08,4,5,5,Champion
1684,14641,22,1,110.46,4,1,1,New customer
1685,14642,59,1,96.12,3,1,1,Normal
1686,14643,170,2,693.8100000000001,2,3,3,Normal
1687,14644,68,2,830.7599999999999,3,3,3,Loyal
1688,14645,157,2,597.09,2,3,3,Normal
1689,14646,2,73,280206.02,5,5,5,Champion
1690,14647,201,1,243.22,1,1,1,Normal
1691,14649,5,4,1417.2900000000002,5,4,4,Champion
1692,14651,67,2,654.6000000000001,3,3,3,Loyal
1693,14652,77,1,114.18,2,1,1,Normal
1694,14653,1,7,1947.5500000000002,5,5,4,Champion
1695,14655,8,4,1932.23,5,4,4,Champion
1696,14656,169,2,291.05,2,3,2,Normal
1697,14657,18,4,848.2200000000003,4,4,3,Loyal
1698,14658,5,2,247.14999999999998,5,3,1,Loyal
1699,14659,9,9,2529.93,5,5,5,Champion
1700,14660,87,2,285.74,2,3,2,Normal
1701,14661,27,1,107.95,4,1,1,New customer
1702,14662,29,4,771.1700000000001,4,4,3,Loyal
1703,14664,20,2,637.89,4,3,3,Loyal
1704,14665,61,5,1835.7,3,4,4,Loyal
1705,14666,24,1,195.25,4,1,1,New customer
1706,14667,11,25,9241.2,5,5,5,Champion
1707,14669,242,3,1269.99,1,3,4,At risk
1708,14670,280,2,411.53,1,3,2,Normal
1709,14672,235,2,765.55,1,3,3,Normal
1710,14673,3,5,1736.3999999999999,5,4,4,Champion
1711,14675,16,1,604.75,4,1,3,New customer
1712,14676,31,6,2548.24,4,5,5,Champion
1713,14680,25,16,28754.109999999997,4,5,5,Champion
1714,14681,71,3,498.95,3,3,3,Loyal
1715,14682,188,2,52.0,1,3,1,Normal
1716,14684,26,5,1236.2800000000002,4,4,4,Champion
1717,14687,107,1,628.38,2,1,3,Normal
1718,14688,8,21,5630.869999999999,5,5,5,Champion
1719,14689,209,1,112.8,1,1,1,Normal
1720,14690,44,2,371.7,3,3,2,Loyal
1721,14691,31,5,2114.33,4,4,5,Champion
1722,14692,137,4,591.55,2,4,3,Normal
1723,14693,265,1,172.9,1,1,1,Normal
1724,14696,4,7,2078.95,5,5,5,Champion
1725,14697,218,2,188.60999999999996,1,3,1,Normal
1726,14698,2,5,1250.7600000000002,5,4,4,Champion
1727,14699,214,1,109.13,1,1,1,Normal
1728,14700,32,3,2235.3,4,3,5,Loyal
1729,14701,11,9,2549.37,5,5,5,Champion
1730,14702,1,17,3292.1400000000003,5,5,5,Champion
1731,14703,15,1,318.17,4,1,2,New customer
1732,14704,11,9,1546.9100000000003,5,5,4,Champion
1733,14705,199,1,179.0,1,1,1,Normal
1734,14708,3,3,1126.3700000000001,5,3,4,Loyal
1735,14709,15,13,4921.04,4,5,5,Champion
1736,14710,14,4,606.13,4,4,3,Loyal
1737,14711,10,11,2868.8,5,5,5,Champion
1738,14712,29,3,917.0700000000002,4,3,3,Loyal
1739,14713,9,11,2666.36,5,5,5,Champion
1740,14714,24,1,160.19,4,1,1,New customer
1741,14715,25,4,867.3800000000001,4,4,3,Loyal
1742,14716,43,2,329.67999999999995,3,3,2,Loyal
1743,14719,2,5,1602.13,5,4,4,Champion
1744,14720,6,3,663.8100000000001,5,3,3,Loyal
1745,14722,147,1,187.91999999999996,2,1,1,Normal
1746,14723,10,6,1158.3000000000002,5,5,4,Champion
1747,14725,25,1,718.0799999999999,4,1,3,New customer
1748,14727,274,1,268.58,1,1,2,Normal
1749,14729,374,1,313.49,1,1,2,Normal
1750,14730,1,8,2005.06,5,5,4,Champion
1751,14731,47,3,380.02000000000004,3,3,2,Loyal
1752,14732,8,8,2702.4900000000002,5,5,5,Champion
1753,14733,16,12,9585.910000000002,4,5,5,Champion
1754,14735,4,32,6065.6900000000005,5,5,5,Champion
1755,14737,4,3,1164.55,5,3,4,Loyal
1756,14738,43,7,1314.4499999999998,3,5,4,Loyal
1757,14739,4,7,3902.2800000000007,5,5,5,Champion
1758,14740,197,3,1448.2099999999998,1,3,4,At risk
1759,14741,12,6,1400.3400000000001,5,5,4,Champion
1760,14744,16,7,1099.98,4,5,4,Champion
1761,14745,113,5,1220.26,2,4,4,At risk
1762,14747,249,1,328.2,1,1,2,Normal
1763,14748,29,5,1415.75,4,4,4,Champion
1764,14752,44,1,389.64,3,1,2,Normal
1765,14753,87,1,563.15,2,1,3,Normal
1766,14754,45,2,638.05,3,3,3,Loyal
1767,14755,10,11,5010.28,5,5,5,Champion
1768,14756,15,1,738.9599999999999,4,1,3,New customer
1769,14757,75,1,420.50000000000006,2,1,2,Normal
1770,14758,145,4,1484.0600000000004,2,4,4,At risk
1771,14759,5,3,1625.97,5,3,4,Loyal
1772,14760,297,1,89.2,1,1,1,Normal
1773,14761,59,2,255.9,3,3,2,Loyal
1774,14762,264,1,300.52,1,1,2,Normal
1775,14764,47,1,278.3,3,1,2,Normal
1776,14765,29,3,254.10999999999999,4,3,2,Loyal
1777,14766,8,6,2473.37,5,5,5,Champion
1778,14768,17,2,192.6,4,3,1,Loyal
1779,14769,3,8,10674.75,5,5,5,Champion
1780,14770,232,2,876.42,1,3,3,Normal
1781,14772,112,1,139.26,2,1,1,Normal
1782,14775,58,3,1011.8999999999999,3,3,4,Loyal
1783,14776,51,11,2538.2999999999997,3,5,5,Loyal
1784,14778,127,2,730.86,2,3,3,Normal
1785,14779,281,3,386.1499999999999,1,3,2,Normal
1786,14780,55,2,447.68,3,3,2,Loyal
1787,14782,320,1,200.1,1,1,1,Normal
1788,14784,26,2,289.99000000000007,4,3,2,Loyal
1789,14785,10,2,77.4,5,3,1,Loyal
1790,14788,7,2,679.44,5,3,3,Loyal
1791,14789,29,1,197.64000000000001,4,1,1,New customer
1792,14790,17,4,745.0600000000002,4,4,3,Loyal
1793,14792,64,1,6.2,3,1,1,Normal
1794,14793,21,1,228.99000000000004,4,1,1,New customer
1795,14794,3,7,1319.9099999999999,5,5,4,Champion
1796,14795,166,1,131.45000000000002,2,1,1,Normal
1797,14796,1,17,8022.49,5,5,5,Champion
1798,14798,53,3,173.74,3,3,1,Loyal
1799,14799,51,1,157.7,3,1,1,Normal
1800,14800,48,12,4339.74,3,5,5,Loyal
1801,14801,61,1,193.14,3,1,1,Normal
1802,14803,162,3,845.55,2,3,3,Normal
1803,14804,9,1,353.27,5,1,2,New customer
1804,14805,15,4,554.65,4,4,3,Loyal
1805,14806,75,1,193.39,2,1,1,Normal
1806,14808,40,8,2741.17,3,5,5,Loyal
1807,14810,41,11,2087.88,3,5,5,Loyal
1808,14813,370,2,155.43,1,3,1,Normal
1809,14815,37,2,778.5000000000001,3,3,3,Loyal
1810,14816,197,1,271.85,1,1,2,Normal
1811,14817,200,2,1110.34,1,3,4,At risk
1812,14818,74,3,657.8,2,3,3,Normal
1813,14819,64,2,272.07,3,3,2,Loyal
1814,14820,21,4,507.2900000000001,4,4,3,Loyal
1815,14821,367,1,48.800000000000004,1,1,1,Normal
1816,14823,180,3,321.42999999999995,1,3,2,Normal
1817,14824,10,4,1127.71,5,4,4,Champion
1818,14825,4,12,2226.91,5,5,5,Champion
1819,14828,197,3,2139.76,1,3,5,At risk
1820,14829,29,4,697.5500000000001,4,4,3,Loyal
1821,14830,53,1,197.13,3,1,1,Normal
1822,14834,18,6,1720.3000000000002,4,5,4,Champion
1823,14836,10,3,102.44999999999999,5,3,1,Loyal
1824,14837,90,4,1649.5,2,4,4,At risk
1825,14840,268,1,62.85,1,1,1,Normal
1826,14841,53,6,3295.76,3,5,5,Loyal
1827,14842,44,4,2824.69,3,4,5,Loyal
1828,14844,64,4,3189.8100000000004,3,4,5,Loyal
1829,14847,149,1,309.4,2,1,2,Normal
1830,14849,22,25,7930.54,4,5,5,Champion
1831,14850,312,1,325.75,1,1,2,Normal
1832,14851,23,2,511.34999999999997,4,3,3,Loyal
1833,14852,58,6,2836.6900000000005,3,5,5,Loyal
1834,14853,24,2,475.8,4,3,2,Loyal
1835,14854,78,7,2759.83,2,5,5,At risk
1836,14855,119,2,645.65,2,3,3,Normal
1837,14856,36,3,1311.38,3,3,4,Loyal
1838,14857,60,2,1173.1200000000001,3,3,4,Loyal
1839,14859,13,4,1353.74,5,4,4,Champion
1840,14860,19,1,170.32,4,1,1,New customer
1841,14861,52,1,125.79000000000002,3,1,1,Normal
1842,14862,26,2,841.2,4,3,3,Loyal
1843,14863,29,1,266.76,4,1,2,New customer
1844,14865,7,2,52.2,5,3,1,Loyal
1845,14866,11,12,14389.900000000001,5,5,5,Champion
1846,14867,186,3,710.28,1,3,3,Normal
1847,14868,3,8,2953.59,5,5,5,Champion
1848,14869,9,2,725.7,5,3,3,Loyal
1849,14870,262,1,327.25,1,1,2,Normal
1850,14871,3,4,522.38,5,4,3,Loyal
1851,14873,210,1,519.68,1,1,3,Normal
1852,14875,108,2,1465.3200000000002,2,3,4,At risk
1853,14878,13,9,1485.54,5,5,4,Champion
1854,14880,77,3,706.19,2,3,3,Normal
1855,14881,20,1,255.4,4,1,2,New customer
1856,14882,27,2,589.7,4,3,3,Loyal
1857,14883,19,6,761.59,4,5,3,Loyal
1858,14885,132,1,765.32,2,1,3,Normal
1859,14886,253,1,364.79999999999995,1,1,2,Normal
1860,14887,79,1,1862.0,2,1,4,Lost high value
1861,14888,207,1,369.2,1,1,2,Normal
1862,14889,336,1,135.9,1,1,1,Normal
1863,14890,254,1,125.65,1,1,1,Normal
1864,14891,148,2,554.38,2,3,3,Normal
1865,14893,10,2,1237.8500000000001,5,3,4,Loyal
1866,14894,85,1,655.75,2,1,3,Normal
1867,14895,8,20,11138.710000000003,5,5,5,Champion
1868,14896,205,2,468.77,1,3,2,Normal
1869,14897,8,4,1366.3799999999999,5,4,4,Champion
1870,14898,23,6,1303.5200000000002,4,5,4,Champion
1871,14901,11,9,1421.29,5,5,4,Champion
1872,14902,26,1,332.66,4,1,2,New customer
1873,14903,21,5,2810.63,4,4,5,Champion
1874,14904,2,2,1025.44,5,3,4,Loyal
1875,14905,158,2,616.15,2,3,3,Normal
1876,14907,3,7,3501.1000000000004,5,5,5,Champion
1877,14908,74,1,277.79999999999995,2,1,2,Normal
1878,14910,3,4,434.3499999999999,5,4,2,Loyal
1879,14911,1,201,143825.06,5,5,5,Champion
1880,14912,17,2,867.8499999999999,4,3,3,Loyal
1881,14913,36,4,1227.4299999999998,3,4,4,Loyal
1882,14915,91,2,307.47999999999996,2,3,2,Normal
1883,14916,71,4,1268.98,3,4,4,Loyal
1884,14918,116,2,1610.15,2,3,4,At risk
1885,14920,213,2,977.77,1,3,4,At risk
1886,14921,30,2,1316.0700000000002,4,3,4,Loyal
1887,14923,51,1,749.1,3,1,3,Normal
1888,14924,246,1,310.05,1,1,2,Normal
1889,14929,32,1,223.88,4,1,1,New customer
1890,14930,109,3,2372.8599999999997,2,3,5,At risk
1891,14931,5,5,1257.68,5,4,4,Champion
1892,14932,366,1,363.53000000000003,1,1,2,Normal
1893,14934,82,2,1890.94,2,3,4,At risk
1894,14935,297,1,1784.71,1,1,4,Lost high value
1895,14936,34,8,8137.02,3,5,5,Loyal
1896,14937,57,3,1621.88,3,3,4,Loyal
1897,14944,30,12,5900.250000000001,4,5,5,Champion
1898,14946,14,1,100.9,4,1,1,New customer
1899,14947,72,2,290.82000000000005,3,3,2,Loyal
1900,14948,23,6,1101.97,4,5,4,Champion
1901,14950,19,1,371.19999999999993,4,1,2,New customer
1902,14951,79,1,311.69,2,1,2,Normal
1903,14952,60,11,8099.49,3,5,5,Loyal
1904,14953,25,1,289.82,4,1,2,New customer
1905,14954,12,1,336.16999999999996,5,1,2,New customer
1906,14957,253,1,58.49,1,1,1,Normal
1907,14958,147,3,499.67999999999995,2,3,3,Normal
1908,14959,64,4,695.42,3,4,3,Loyal
1909,14960,8,2,221.26999999999998,5,3,1,Loyal
1910,14961,11,9,7044.68,5,5,5,Champion
1911,14962,271,1,126.70000000000002,1,1,1,Normal
1912,14963,10,5,1487.8000000000002,5,4,4,Champion
1913,14964,247,1,206.20999999999998,1,1,1,Normal
1914,14965,96,2,599.0,2,3,3,Normal
1915,14966,15,1,191.32,4,1,1,New customer
1916,14967,50,1,463.79999999999995,3,1,2,Normal
1917,14968,30,1,147.59,4,1,1,New customer
1918,14970,68,4,1592.06,3,4,4,Loyal
1919,14971,35,3,1116.5700000000002,3,3,4,Loyal
1920,14972,128,1,114.77000000000001,2,1,1,Normal
1921,14973,107,3,1314.45,2,3,4,At risk
1922,14974,37,1,114.39000000000001,3,1,1,Normal
1923,14975,57,1,279.94,3,1,2,Normal
1924,14976,57,7,790.8600000000001,3,5,3,Loyal
1925,14978,72,5,1931.42,3,4,4,Loyal
1926,14981,246,1,102.12,1,1,1,Normal
1927,14984,19,2,213.26999999999998,4,3,1,Loyal
1928,14985,198,2,296.7499999999999,1,3,2,Normal
1929,14987,16,2,326.4,4,3,2,Loyal
1930,14988,212,1,334.54,1,1,2,Normal
1931,14995,39,2,233.23,3,3,1,Loyal
1932,14997,46,3,546.1999999999999,3,3,3,Loyal
1933,14998,170,2,429.87,2,3,2,Normal
1934,15000,48,1,490.52,3,1,3,Normal
1935,15002,116,4,1641.7600000000002,2,4,4,At risk
1936,15004,147,1,1246.32,2,1,4,Lost high value
1937,15005,16,28,6316.57,4,5,5,Champion
1938,15006,51,1,502.09000000000003,3,1,3,Normal
1939,15007,159,1,156.91,2,1,1,Normal
1940,15009,12,3,1261.7800000000002,5,3,4,Loyal
1941,15010,36,1,308.94000000000005,3,1,2,Normal
1942,15012,54,2,423.0400000000001,3,3,2,Loyal
1943,15014,43,2,260.17,3,3,2,Loyal
1944,15016,173,1,170.04000000000002,2,1,1,Normal
1945,15017,34,1,125.58000000000001,3,1,1,Normal
1946,15018,39,3,496.21,3,3,3,Loyal
1947,15019,267,1,265.99999999999994,1,1,2,Normal
1948,15021,9,9,1914.8200000000002,5,5,4,Champion
1949,15022,12,4,905.0400000000003,5,4,3,Loyal
1950,15023,3,11,6802.759999999999,5,5,5,Champion
1951,15024,10,10,1661.33,5,5,4,Champion
1952,15025,33,1,377.01000000000005,4,1,2,New customer
1953,15026,80,3,469.0,2,3,2,Normal
1954,15027,31,4,1066.15,4,4,4,Champion
1955,15028,8,4,627.13,5,4,3,Loyal
1956,15030,72,2,518.28,3,3,3,Loyal
1957,15031,4,4,668.1400000000002,5,4,3,Loyal
1958,15032,256,3,4959.1,1,3,5,At risk
1959,15033,5,10,2586.67,5,5,5,Champion
1960,15034,16,8,4308.610000000001,4,5,5,Champion
1961,15035,90,1,252.73000000000002,2,1,2,Normal
1962,15036,72,3,465.54999999999995,3,3,2,Loyal
1963,15038,59,6,705.49,3,5,3,Loyal
1964,15039,10,47,19914.440000000002,5,5,5,Champion
1965,15041,170,1,180.35,2,1,1,Normal
1966,15042,199,1,135.93,1,1,1,Normal
1967,15043,31,1,537.0,4,1,3,New customer
1968,15044,19,17,7700.2300000000005,4,5,5,Champion
1969,15045,152,2,735.66,2,3,3,Normal
1970,15046,9,15,5213.769999999999,5,5,5,Champion
1971,15047,270,1,343.61999999999995,1,1,2,Normal
1972,15048,65,4,384.05,3,4,2,Loyal
1973,15049,274,1,121.17000000000002,1,1,1,Normal
1974,15050,25,3,1782.09,4,3,4,Loyal
1975,15051,23,3,1391.61,4,3,4,Loyal
1976,15052,319,1,215.78,1,1,1,Normal
1977,15053,5,3,697.7900000000001,5,3,3,Loyal
1978,15054,12,2,302.09999999999997,5,3,2,Loyal
1979,15057,275,2,1489.5,1,3,4,At risk
1980,15058,25,11,2124.99,4,5,5,Champion
1981,15059,41,9,1337.7200000000003,3,5,4,Loyal
1982,15060,8,4,303.09000000000003,5,4,2,Loyal
1983,15061,4,48,54534.14,5,5,5,Champion
1984,15062,71,4,987.86,3,4,4,Loyal
1985,15063,213,1,370.79999999999995,1,1,2,Normal
1986,15065,38,4,3158.13,3,4,5,Loyal
1987,15066,53,1,893.59,3,1,3,Normal
1988,15067,78,3,1744.76,2,3,4,At risk
1989,15068,46,2,553.3600000000001,3,3,3,Loyal
1990,15069,179,1,1109.5300000000002,2,1,4,Lost high value
1991,15070,373,1,106.2,1,1,1,Normal
1992,15071,94,2,982.0700000000002,2,3,4,At risk
1993,15073,10,3,1043.41,5,3,4,Loyal
1994,15074,105,1,748.87,2,1,3,Normal
1995,15075,78,1,773.03,2,1,3,Normal
1996,15076,173,1,880.8500000000001,2,1,3,Normal
1997,15078,7,32,9743.11,5,5,5,Champion
1998,15079,213,4,895.61,1,4,3,Normal
1999,15081,22,5,504.79999999999995,4,4,3,Loyal
2000,15083,257,1,88.19999999999999,1,1,1,Normal
2001,15087,282,1,306.94,1,1,2,Normal
2002,15088,21,2,1160.07,4,3,4,Loyal
2003,15089,10,6,2420.84,5,5,5,Champion
2004,15090,308,1,381.31999999999994,1,1,2,Normal
2005,15091,68,1,480.71000000000004,3,1,2,Normal
2006,15092,215,2,457.81,1,3,2,Normal
2007,15093,18,6,4597.02,4,5,5,Champion
2008,15095,104,4,1370.6000000000004,2,4,4,At risk
2009,15096,43,1,219.39000000000001,3,1,1,Normal
2010,15097,4,1,248.07999999999998,5,1,1,New customer
2011,15098,182,3,39916.5,1,3,5,At risk
2012,15099,84,1,410.4799999999999,2,1,2,Normal
2013,15100,334,3,875.9999999999999,1,3,3,Normal
2014,15101,9,2,317.53,5,3,2,Loyal
2015,15103,31,2,703.36,4,3,3,Loyal
2016,15104,197,2,1027.44,1,3,4,At risk
2017,15105,18,7,2298.9300000000007,4,5,5,Champion
2018,15106,18,5,1422.5200000000002,4,4,4,Champion
2019,15107,311,6,319.5,1,5,2,Normal
2020,15108,142,4,1300.25,2,4,4,At risk
2021,15109,246,1,484.94999999999993,1,1,2,Normal
2022,15110,24,4,996.1000000000001,4,4,4,Champion
2023,15111,29,3,1567.48,4,3,4,Loyal
2024,15113,10,3,3609.33,5,3,5,Loyal
2025,15114,30,10,2760.5600000000004,4,5,5,Champion
2026,15115,18,1,340.11,4,1,2,New customer
2027,15116,18,4,1352.75,4,4,4,Champion
2028,15117,15,5,1551.7800000000002,4,4,4,Champion
2029,15118,134,1,244.8,2,1,1,Normal
2030,15119,246,1,266.40000000000003,1,1,2,Normal
2031,15120,134,1,358.81999999999994,2,1,2,Normal
2032,15121,50,2,457.71999999999997,3,3,2,Loyal
2033,15122,114,3,1633.7800000000002,2,3,4,At risk
2034,15123,7,2,2199.31,5,3,5,Loyal
2035,15124,23,2,184.19,4,3,1,Loyal
2036,15125,25,15,11528.479999999998,4,5,5,Champion
2037,15127,66,1,406.53,3,1,2,Normal
2038,15128,60,4,1471.0,3,4,4,Loyal
2039,15129,50,11,3447.4,3,5,5,Loyal
2040,15130,170,1,330.11000000000007,2,1,2,Normal
2041,15132,18,5,977.9300000000001,4,4,4,Champion
2042,15133,128,3,982.42,2,3,4,At risk
2043,15134,15,8,1387.9899999999998,4,5,4,Champion
2044,15135,239,1,139.05,1,1,1,Normal
2045,15136,3,4,1286.6999999999996,5,4,4,Champion
2046,15139,240,2,178.95999999999998,1,3,1,Normal
2047,15140,52,7,2354.25,3,5,5,Loyal
2048,15142,46,1,498.74,3,1,3,Normal
2049,15143,226,1,259.44999999999993,1,1,2,Normal
2050,15144,8,17,6580.44,5,5,5,Champion
2051,15145,4,4,1194.73,5,4,4,Champion
2052,15146,165,2,1327.1599999999999,2,3,4,At risk
2053,15147,240,1,623.5,1,1,3,Normal
2054,15148,11,1,301.29,5,1,2,New customer
2055,15149,134,1,520.8,2,1,3,Normal
2056,15150,17,10,5314.47,4,5,5,Champion
2057,15152,10,13,4745.6900000000005,5,5,5,Champion
2058,15153,31,1,329.25,4,1,2,New customer
2059,15154,75,1,296.41999999999996,2,1,2,Normal
2060,15156,1,3,961.4899999999999,5,3,4,Loyal
2061,15157,4,3,1936.0700000000002,5,3,4,Loyal
2062,15158,45,1,401.40000000000003,3,1,2,Normal
2063,15159,2,30,18641.010000000002,5,5,5,Champion
2064,15160,357,1,158.16,1,1,1,Normal
2065,15163,18,2,304.47,4,3,2,Loyal
2066,15164,69,3,843.0500000000002,3,3,3,Loyal
2067,15165,373,1,487.75,1,1,2,Normal
2068,15167,321,1,163.0,1,1,1,Normal
2069,15168,26,1,106.56,4,1,1,New customer
2070,15171,331,1,1289.5,1,1,4,Lost high value
2071,15172,9,5,1624.0500000000004,5,4,4,Champion
2072,15174,323,1,135.75,1,1,1,Normal
2073,15175,72,1,224.14000000000001,3,1,1,Normal
2074,15178,260,1,40.5,1,1,1,Normal
2075,15179,18,5,2206.9500000000007,4,4,5,Champion
2076,15180,367,1,87.5,1,1,1,Normal
2077,15181,66,3,689.4799999999999,3,3,3,Loyal
2078,15182,154,2,622.8499999999999,2,3,3,Normal
2079,15184,29,2,406.76,4,3,2,Loyal
2080,15185,70,1,310.62,3,1,2,Normal
2081,15186,14,2,411.40999999999997,4,3,2,Loyal
2082,15187,2,16,4777.18,5,5,5,Champion
2083,15189,1,41,16225.390000000001,5,5,5,Champion
2084,15192,120,3,1044.3200000000002,2,3,4,At risk
2085,15193,61,1,499.31999999999994,3,1,3,Normal
2086,15194,3,15,7616.530000000001,5,5,5,Champion
2087,15195,3,1,3861.0,5,1,5,New customer
2088,15197,11,3,1079.61,5,3,4,Loyal
2089,15198,92,2,193.64000000000001,2,3,1,Normal
2090,15199,59,4,1268.6999999999998,3,4,4,Loyal
2091,15201,87,5,1236.54,2,4,4,At risk
2092,15203,26,6,1827.8000000000002,4,5,4,Champion
2093,15204,357,1,316.58,1,1,2,Normal
2094,15205,85,2,653.24,2,3,3,Normal
2095,15206,10,4,420.3,5,4,2,Loyal
2096,15208,1,5,870.12,5,4,3,Loyal
2097,15210,225,1,331.18,1,1,2,Normal
2098,15211,60,2,894.4100000000001,3,3,3,Loyal
2099,15212,241,1,101.79999999999998,1,1,1,Normal
2100,15213,319,2,328.35,1,3,2,Normal
2101,15214,2,8,1661.44,5,5,4,Champion
2102,15215,47,3,734.94,3,3,3,Loyal
2103,15216,88,1,96.6,2,1,1,Normal
2104,15218,11,11,5756.889999999999,5,5,5,Champion
2105,15219,176,1,305.75,2,1,2,Normal
2106,15220,52,6,1778.9600000000003,3,5,4,Loyal
2107,15221,366,1,403.25000000000006,1,1,2,Normal
2108,15222,319,1,585.0,1,1,3,Normal
2109,15223,226,2,755.75,1,3,3,Normal
2110,15224,358,2,322.08,1,3,2,Normal
2111,15225,234,1,409.3999999999999,1,1,2,Normal
2112,15226,311,1,154.41,1,1,1,Normal
2113,15227,37,5,1219.4,3,4,4,Loyal
2114,15228,66,4,3386.7100000000005,3,4,5,Loyal
2115,15230,239,2,429.5999999999999,1,3,2,Normal
2116,15232,113,2,612.06,2,3,3,Normal
2117,15234,277,1,197.0,1,1,1,Normal
2118,15235,218,12,2247.51,1,5,5,At risk
2119,15236,299,1,321.05,1,1,2,Normal
2120,15237,2,4,1412.32,5,4,4,Champion
2121,15238,29,3,1071.99,4,3,4,Loyal
2122,15239,10,2,780.5899999999999,5,3,3,Loyal
2123,15240,45,5,1706.5700000000002,3,4,4,Loyal
2124,15241,67,8,1756.4400000000003,3,5,4,Loyal
2125,15243,74,1,316.68000000000006,2,1,2,Normal
2126,15244,65,2,631.5699999999999,3,3,3,Loyal
2127,15245,134,3,2515.84,2,3,5,At risk
2128,15246,238,2,514.15,1,3,3,Normal
2129,15247,122,1,356.0,2,1,2,Normal
2130,15249,32,13,6688.459999999999,4,5,5,Champion
2131,15251,9,11,10484.989999999998,5,5,5,Champion
2132,15252,36,2,740.7800000000001,3,3,3,Loyal
2133,15253,16,5,918.2,4,4,3,Loyal
2134,15254,127,1,300.36,2,1,2,Normal
2135,15255,67,1,890.8499999999998,3,1,3,Normal
2136,15256,149,1,98.45,2,1,1,Normal
2137,15257,283,1,317.15,1,1,2,Normal
2138,15258,169,2,623.16,2,3,3,Normal
2139,15260,100,7,1810.7700000000004,2,5,4,At risk
2140,15261,135,1,254.82,2,1,2,Normal
2141,15262,324,1,178.95,1,1,1,Normal
2142,15263,107,1,156.51000000000002,2,1,1,Normal
2143,15264,64,1,393.74000000000007,3,1,2,Normal
2144,15265,151,2,1506.1200000000001,2,3,4,At risk
2145,15266,338,1,119.3,1,1,1,Normal
2146,15267,22,5,1717.36,4,4,4,Champion
2147,15269,24,1,408.8,4,1,2,New customer
2148,15270,16,7,2379.4900000000002,4,5,5,Champion
2149,15271,7,15,2507.0699999999997,5,5,5,Champion
2150,15272,57,2,721.94,3,3,3,Loyal
2151,15274,4,2,716.57,5,3,3,Loyal
2152,15275,38,1,615.1400000000001,3,1,3,Normal
2153,15276,66,1,135.31,3,1,1,Normal
2154,15277,47,1,255.9,3,1,2,Normal
2155,15279,355,1,290.51,1,1,2,Normal
2156,15280,172,1,113.11999999999999,2,1,1,Normal
2157,15281,59,9,2332.15,3,5,5,Loyal
2158,15286,50,1,240.55,3,1,1,Normal
2159,15287,22,2,486.69000000000005,4,3,2,Loyal
2160,15288,43,5,2306.52,3,4,5,Loyal
2161,15289,29,3,939.7800000000002,4,3,3,Loyal
2162,15290,5,18,7943.219999999999,5,5,5,Champion
2163,15291,26,15,4668.3,4,5,5,Champion
2164,15292,201,1,180.94,1,1,1,Normal
2165,15296,51,6,3672.8600000000006,3,5,5,Loyal
2166,15297,10,3,641.9399999999998,5,3,3,Loyal
2167,15298,2,12,4799.900000000001,5,5,5,Champion
2168,15299,67,7,4507.01,3,5,5,Loyal
2169,15300,64,1,496.44000000000005,3,1,3,Normal
2170,15301,51,12,5070.35,3,5,5,Loyal
2171,15303,290,1,574.02,1,1,3,Normal
2172,15304,61,8,694.4000000000001,3,5,3,Loyal
2173,15306,64,3,1174.35,3,3,4,Loyal
2174,15307,96,1,205.30000000000004,2,1,1,Normal
2175,15308,274,1,310.46999999999997,1,1,2,Normal
2176,15311,1,91,60767.9,5,5,5,Champion
2177,15312,75,4,924.85,2,4,3,Normal
2178,15313,110,1,52.0,2,1,1,Normal
2179,15314,199,1,327.97,1,1,2,Normal
2180,15315,64,2,570.5,3,3,3,Loyal
2181,15316,327,1,165.0,1,1,1,Normal
2182,15318,4,1,312.62,5,1,2,New customer
2183,15319,284,1,204.5,1,1,1,Normal
2184,15320,44,1,267.13,3,1,2,Normal
2185,15321,71,3,2748.3100000000004,3,3,5,Loyal
2186,15322,86,1,679.68,2,1,3,Normal
2187,15325,104,1,162.29,2,1,1,Normal
2188,15326,334,1,311.71000000000004,1,1,2,Normal
2189,15327,53,1,208.75,3,1,1,Normal
2190,15329,39,3,1049.7,3,3,4,Loyal
2191,15330,32,2,714.96,4,3,3,Loyal
2192,15332,366,4,1661.0600000000004,1,4,4,At risk
2193,15333,208,1,1028.56,1,1,4,Lost high value
2194,15334,157,3,351.67,2,3,2,Normal
2195,15335,54,1,173.97,3,1,1,Normal
2196,15339,66,2,574.07,3,3,3,Loyal
2197,15341,81,1,2020.5200000000002,2,1,4,Lost high value
2198,15342,130,1,406.09,2,1,2,Normal
2199,15343,87,1,364.49999999999994,2,1,2,Normal
2200,15344,1,3,563.9399999999999,5,3,3,Loyal
2201,15345,46,1,393.53999999999996,3,1,2,Normal
2202,15346,333,1,252.42,1,1,2,Normal
2203,15347,366,1,201.59999999999997,1,1,1,Normal
2204,15348,72,1,158.04000000000002,3,1,1,Normal
2205,15349,158,2,473.80999999999995,2,3,2,Normal
2206,15350,373,1,115.65,1,1,1,Normal
2207,15351,12,7,1960.1100000000001,5,5,4,Champion
2208,15353,255,2,777.0200000000001,1,3,3,Normal
2209,15355,29,2,277.05,4,3,2,Loyal
2210,15356,31,10,2766.5,4,5,5,Champion
2211,15358,5,22,8347.2,5,5,5,Champion
2212,15360,40,1,427.93,3,1,2,Normal
2213,15361,362,1,418.9200000000001,1,1,2,Normal
2214,15363,373,1,326.0,1,1,2,Normal
2215,15364,96,2,913.19,2,3,3,Normal
2216,15365,26,7,2314.32,4,5,5,Champion
2217,15366,75,2,602.51,2,3,3,Normal
2218,15367,57,4,1877.5900000000004,3,4,4,Loyal
2219,15368,21,1,446.94000000000005,4,1,2,New customer
2220,15370,41,7,2386.0500000000006,3,5,5,Loyal
2221,15372,137,1,2007.3999999999999,2,1,4,Lost high value
2222,15373,8,12,2415.91,5,5,5,Champion
2223,15374,129,1,168.0,2,1,1,Normal
2224,15376,40,3,1233.3600000000004,3,3,4,Loyal
2225,15379,169,7,3703.29,2,5,5,At risk
2226,15380,9,5,1690.2600000000007,5,4,4,Champion
2227,15381,214,2,596.85,1,3,3,Normal
2228,15382,15,6,5955.71,4,5,5,Champion
2229,15384,170,2,642.41,2,3,3,Normal
2230,15385,40,1,316.88,3,1,2,Normal
2231,15386,186,1,394.14000000000004,1,1,2,Normal
2232,15388,270,1,140.54000000000002,1,1,1,Normal
2233,15389,172,1,500.0,2,1,3,Normal
2234,15392,5,4,1535.53,5,4,4,Champion
2235,15393,16,2,231.85999999999996,4,3,1,Loyal
2236,15394,10,4,2183.54,5,4,5,Champion
2237,15395,326,1,107.45000000000002,1,1,1,Normal
2238,15396,113,1,288.18,2,1,2,Normal
2239,15397,290,1,94.0,1,1,1,Normal
2240,15398,16,2,1345.5300000000002,4,3,4,Loyal
2241,15399,1,3,815.77,5,3,3,Loyal
2242,15400,92,5,716.2,2,4,3,Normal
2243,15402,149,2,626.7699999999999,2,3,3,Normal
2244,15405,189,1,349.1,1,1,2,Normal
2245,15406,31,2,510.71,4,3,3,Loyal
2246,15407,34,4,1056.44,3,4,4,Loyal
2247,15408,264,1,267.18,1,1,2,Normal
2248,15410,84,8,3450.84,2,5,5,At risk
2249,15411,26,4,1358.8800000000003,4,4,4,Champion
2250,15412,171,1,190.53,2,1,1,Normal
2251,15414,10,3,774.9000000000001,5,3,3,Loyal
2252,15415,313,1,572.81,1,1,3,Normal
2253,15416,65,4,3984.3199999999997,3,4,5,Loyal
2254,15417,85,1,508.8,2,1,3,Normal
2255,15419,25,1,135.86,4,1,1,New customer
2256,15421,59,4,950.3599999999998,3,4,4,Loyal
2257,15422,323,2,97.7,1,3,1,Normal
2258,15423,38,1,43.5,3,1,1,Normal
2259,15424,254,2,383.34000000000003,1,3,2,Normal
2260,15426,19,5,1447.3899999999999,4,4,4,Champion
2261,15427,33,3,1483.1399999999999,4,3,4,Loyal
2262,15428,15,1,93.78,4,1,1,New customer
2263,15429,27,2,397.35,4,3,2,Loyal
2264,15432,23,1,171.19000000000003,4,1,1,New customer
2265,15433,214,2,533.3,1,3,3,Normal
2266,15434,8,5,1041.48,5,4,4,Champion
2267,15435,22,1,149.29000000000002,4,1,1,New customer
2268,15436,12,3,1122.53,5,3,4,Loyal
2269,15437,262,1,200.16,1,1,1,Normal
2270,15438,131,1,156.57999999999998,2,1,1,Normal
2271,15440,55,3,383.67999999999995,3,3,2,Loyal
2272,15442,249,1,594.0,1,1,3,Normal
2273,15443,2,7,3236.9100000000003,5,5,5,Champion
2274,15444,9,2,1418.2600000000002,5,3,4,Loyal
2275,15445,264,1,113.5,1,1,1,Normal
2276,15447,331,1,155.17,1,1,1,Normal
2277,15448,313,1,494.6399999999999,1,1,3,Normal
2278,15449,26,3,974.52,4,3,4,Loyal
2279,15450,30,1,429.84000000000003,4,1,2,New customer
2280,15452,30,3,538.73,4,3,3,Loyal
2281,15453,2,7,1388.3700000000001,5,5,4,Champion
2282,15454,362,1,179.1,1,1,1,Normal
2283,15456,283,3,447.22,1,3,2,Normal
2284,15457,262,1,237.07,1,1,1,Normal
2285,15458,25,1,161.64000000000001,4,1,1,New customer
2286,15460,354,1,216.76,1,1,1,Normal
2287,15462,94,3,234.60000000000002,2,3,1,Normal
2288,15463,29,1,126.14,4,1,1,New customer
2289,15464,338,1,1048.8500000000001,1,1,4,Lost high value
2290,15465,20,18,7354.62,4,5,5,Champion
2291,15466,85,1,334.53000000000003,2,1,2,Normal
2292,15467,9,3,524.88,5,3,3,Loyal
2293,15468,51,2,467.51,3,3,2,Loyal
2294,15469,50,2,538.5500000000001,3,3,3,Loyal
2295,15471,2,1,469.47999999999996,5,1,2,New customer
2296,15472,113,1,371.55999999999995,2,1,2,Normal
2297,15473,14,7,1771.2,4,5,4,Champion
2298,15475,77,1,454.11,2,1,2,Normal
2299,15478,40,2,1441.4199999999998,3,3,4,Loyal
2300,15480,116,1,905.4999999999999,2,1,3,Normal
2301,15482,16,12,11054.960000000001,4,5,5,Champion
2302,15483,161,4,233.81,2,4,1,Normal
2303,15484,1,4,3594.31,5,4,5,Champion
2304,15485,30,3,2575.0000000000005,4,3,5,Loyal
2305,15488,93,1,91.32000000000001,2,1,1,Normal
2306,15489,23,3,1134.28,4,3,4,Loyal
2307,15491,95,6,3100.09,2,5,5,At risk
2308,15492,28,2,659.4599999999999,4,3,3,Loyal
2309,15493,33,5,2001.8000000000002,4,4,4,Champion
2310,15494,21,2,1299.2300000000002,4,3,4,Loyal
2311,15497,18,2,1262.2000000000003,4,3,4,Loyal
2312,15498,3,27,13316.4,5,5,5,Champion
2313,15500,8,4,1131.5600000000004,5,4,4,Champion
2314,15502,16,12,10384.93,4,5,5,Champion
2315,15503,363,1,147.08999999999997,1,1,1,Normal
2316,15504,81,1,52.83,2,1,1,Normal
2317,15505,53,5,3610.96,3,4,5,Loyal
2318,15506,23,3,979.2600000000001,4,3,4,Loyal
2319,15507,172,1,492.36,2,1,3,Normal
2320,15508,189,6,1000.27,1,5,4,At risk
2321,15510,331,1,250.0,1,1,1,Normal
2322,15511,12,5,909.2299999999999,5,4,3,Loyal
2323,15512,156,2,120.99999999999999,2,3,1,Normal
2324,15513,33,19,14758.220000000001,4,5,5,Champion
2325,15514,12,11,4139.459999999999,5,5,5,Champion
2326,15516,45,3,62.43,3,3,1,Loyal
2327,15517,233,1,267.03000000000003,1,1,2,Normal
2328,15518,64,8,1942.4500000000003,3,5,4,Loyal
2329,15520,2,1,343.5,5,1,2,New customer
2330,15521,40,8,3000.2,3,5,5,Loyal
2331,15522,33,2,398.84,4,3,2,Loyal
2332,15523,84,1,412.01,2,1,2,Normal
2333,15524,25,1,440.0,4,1,2,New customer
2334,15525,2,3,825.9200000000001,5,3,3,Loyal
2335,15526,33,2,148.44,4,3,1,Loyal
2336,15527,19,8,2429.78,4,5,5,Champion
2337,15528,254,1,229.32999999999998,1,1,1,Normal
2338,15529,23,11,3995.23,4,5,5,Champion
2339,15530,22,4,1502.3500000000001,4,4,4,Champion
2340,15531,8,2,2007.4400000000003,5,3,4,Loyal
2341,15532,25,4,1580.93,4,4,4,Champion
2342,15533,19,3,807.57,4,3,3,Loyal
2343,15535,173,4,536.4000000000001,2,4,3,Normal
2344,15537,163,1,110.91999999999999,2,1,1,Normal
2345,15539,7,1,538.46,5,1,3,New customer
2346,15540,11,1,213.3,5,1,1,New customer
2347,15541,114,1,85.13000000000002,2,1,1,Normal
2348,15543,288,1,127.86,1,1,1,Normal
2349,15544,9,9,3546.71,5,5,5,Champion
2350,15545,54,2,292.72,3,3,2,Loyal
2351,15547,7,14,4954.84,5,5,5,Champion
2352,15549,77,3,1693.26,2,3,4,At risk
2353,15550,4,4,575.63,5,4,3,Loyal
2354,15551,37,1,436.05999999999995,3,1,2,Normal
2355,15552,217,1,90.12,1,1,1,Normal
2356,15553,60,1,437.23,3,1,2,Normal
2357,15554,278,1,217.20000000000002,1,1,1,Normal
2358,15555,12,16,4805.17,5,5,5,Champion
2359,15556,24,1,279.77,4,1,2,New customer
2360,15557,29,1,473.65000000000003,4,1,2,New customer
2361,15561,12,4,800.5899999999999,5,4,3,Loyal
2362,15562,352,1,134.55,1,1,1,Normal
2363,15563,22,4,1400.44,4,4,4,Champion
2364,15565,50,2,173.16000000000003,3,3,1,Loyal
2365,15567,19,1,186.01,4,1,1,New customer
2366,15568,3,3,758.2899999999998,5,3,3,Loyal
2367,15569,104,5,1375.71,2,4,4,At risk
2368,15570,7,12,4165.52,5,5,5,Champion
2369,15571,12,4,650.4300000000001,5,4,3,Loyal
2370,15572,5,7,2552.8600000000006,5,5,5,Champion
2371,15573,32,2,607.45,4,3,3,Loyal
2372,15574,178,4,702.25,2,4,3,Normal
2373,15576,38,1,940.6700000000001,3,1,3,Normal
2374,15577,151,3,258.88,2,3,2,Normal
2375,15578,162,1,127.10000000000001,2,1,1,Normal
2376,15579,69,2,348.59999999999997,3,3,2,Loyal
2377,15581,121,13,3679.9700000000003,2,5,5,At risk
2378,15582,25,3,682.91,4,3,3,Loyal
2379,15584,24,4,725.11,4,4,3,Loyal
2380,15585,177,1,455.30000000000007,2,1,2,Normal
2381,15587,50,4,913.68,3,4,3,Loyal
2382,15589,256,3,478.53,1,3,2,Normal
2383,15592,47,1,388.58000000000004,3,1,2,Normal
2384,15593,71,1,199.8,3,1,1,Normal
2385,15594,16,5,1771.7800000000004,4,4,4,Champion
2386,15596,101,5,1406.5900000000001,2,4,4,At risk
2387,15597,35,1,324.57,3,1,2,Normal
2388,15598,53,1,240.67999999999995,3,1,1,Normal
2389,15599,27,2,761.7400000000001,4,3,3,Loyal
2390,15601,11,14,6776.5599999999995,5,5,5,Champion
2391,15602,8,9,1297.8700000000001,5,5,4,Champion
2392,15603,79,1,48.480000000000004,2,1,1,Normal
2393,15604,52,1,216.39,3,1,1,Normal
2394,15605,36,5,1198.23,3,4,4,Loyal
2395,15606,61,9,2920.16,3,5,5,Loyal
2396,15607,337,1,104.76,1,1,1,Normal
2397,15608,28,4,1093.6800000000003,4,4,4,Champion
2398,15609,184,1,298.48,1,1,2,Normal
2399,15610,52,1,112.46,3,1,1,Normal
2400,15611,10,13,1591.4500000000003,5,5,4,Champion
2401,15612,36,2,195.15,3,3,1,Loyal
2402,15615,10,23,10399.740000000002,5,5,5,Champion
2403,15618,33,4,776.8510000000001,4,4,3,Loyal
2404,15619,11,1,336.40000000000003,5,1,2,New customer
2405,15620,57,3,1553.18,3,3,4,Loyal
2406,15621,4,4,1293.0299999999997,5,4,4,Champion
2407,15622,43,9,3709.56,3,5,5,Loyal
2408,15623,141,1,301.03,2,1,2,Normal
2409,15624,117,4,588.13,2,4,3,Normal
2410,15625,104,4,1534.26,2,4,4,At risk
2411,15626,75,2,675.8,2,3,3,Normal
2412,15628,5,9,2870.24,5,5,5,Champion
2413,15630,45,2,1186.35,3,3,4,Loyal
2414,15632,16,8,3285.3100000000004,4,5,5,Champion
2415,15634,17,1,243.55,4,1,1,New customer
2416,15636,90,2,724.7600000000001,2,3,3,Normal
2417,15637,53,1,223.35999999999999,3,1,1,Normal
2418,15639,134,1,425.32,2,1,2,Normal
2419,15640,4,15,12515.66,5,5,5,Champion
2420,15641,105,4,1887.2,2,4,4,At risk
2421,15643,192,3,664.0,1,3,3,Normal
2422,15644,166,4,813.0,2,4,3,Normal
2423,15645,19,1,612.0099999999999,4,1,3,New customer
2424,15646,158,3,447.64,2,3,2,Normal
2425,15648,204,2,657.35,1,3,3,Normal
2426,15649,336,2,816.0,1,3,3,Normal
2427,15651,37,3,646.3,3,3,3,Loyal
2428,15652,91,1,337.74,2,1,2,Normal
2429,15653,93,2,877.44,2,3,3,Normal
2430,15654,9,2,922.5300000000001,5,3,3,Loyal
2431,15655,243,1,560.67,1,1,3,Normal
2432,15656,45,4,748.5000000000001,3,4,3,Loyal
2433,15657,23,1,30.0,4,1,1,New customer
2434,15658,190,5,1024.1,1,4,4,At risk
2435,15659,44,1,306.45,3,1,2,Normal
2436,15660,25,9,1600.86,4,5,4,Champion
2437,15661,317,2,309.8,1,3,2,Normal
2438,15663,106,1,138.14,2,1,1,Normal
2439,15664,51,1,386.42999999999995,3,1,2,Normal
2440,15665,168,2,2242.01,2,3,5,At risk
2441,15667,40,1,301.32000000000005,3,1,2,Normal
2442,15668,218,1,76.32000000000001,1,1,1,Normal
2443,15669,40,4,684.34,3,4,3,Loyal
2444,15670,297,1,173.05,1,1,1,Normal
2445,15671,19,7,2657.13,4,5,5,Champion
2446,15673,88,4,2881.0199999999995,2,4,5,At risk
2447,15674,73,5,2446.6,2,4,5,At risk
2448,15675,81,3,323.69,2,3,2,Normal
2449,15676,19,3,3435.76,4,3,5,Loyal
2450,15677,49,1,657.23,3,1,3,Normal
2451,15678,53,1,352.70000000000005,3,1,2,Normal
2452,15679,24,4,781.2800000000001,4,4,3,Loyal
2453,15680,9,3,1333.68,5,3,4,Loyal
2454,15681,25,5,1426.16,4,4,4,Champion
2455,15683,117,1,193.74999999999997,2,1,1,Normal
2456,15687,9,9,2993.1,5,5,5,Champion
2457,15689,120,2,254.1,2,3,2,Normal
2458,15690,4,2,239.76,5,3,1,Loyal
2459,15691,252,1,136.8,1,1,1,Normal
2460,15692,28,1,191.04,4,1,1,New customer
2461,15694,1,14,6479.399999999999,5,5,5,Champion
2462,15695,267,2,409.98,1,3,2,Normal
2463,15696,33,8,2736.46,4,5,5,Champion
2464,15699,18,1,309.65,4,1,2,New customer
2465,15700,172,2,696.6800000000001,2,3,3,Normal
2466,15701,2,4,1542.1400000000003,5,4,4,Champion
2467,15703,265,1,211.5,1,1,1,Normal
2468,15704,140,4,2293.6200000000003,2,4,5,At risk
2469,15705,201,1,143.10000000000002,1,1,1,Normal
2470,15706,64,4,1060.56,3,4,4,Loyal
2471,15707,35,4,945.5800000000002,3,4,4,Loyal
2472,15708,41,7,3364.2400000000002,3,5,5,Loyal
2473,15709,284,1,133.25,1,1,1,Normal
2474,15712,9,5,1072.3600000000001,5,4,4,Champion
2475,15713,143,2,356.7,2,3,2,Normal
2476,15714,12,2,330.87999999999994,5,3,2,Loyal
2477,15716,146,4,1118.8100000000004,2,4,4,At risk
2478,15717,234,1,150.3,1,1,1,Normal
2479,15719,33,13,5045.61,4,5,5,Champion
2480,15720,24,1,598.73,4,1,3,New customer
2481,15721,12,1,507.08,5,1,3,New customer
2482,15722,36,5,2222.5600000000004,3,4,5,Loyal
2483,15723,365,1,203.1,1,1,1,Normal
2484,15724,201,2,218.25,1,3,1,Normal
2485,15725,15,1,415.25,4,1,2,New customer
2486,15727,17,7,5178.960000000001,4,5,5,Champion
2487,15729,213,1,85.0,1,1,1,Normal
2488,15730,66,3,1120.88,3,3,4,Loyal
2489,15732,212,2,294.12,1,3,2,Normal
2490,15733,283,1,162.3,1,1,1,Normal
2491,15734,115,2,1339.45,2,3,4,At risk
2492,15737,15,8,1205.12,4,5,4,Champion
2493,15738,19,16,4812.42,4,5,5,Champion
2494,15739,66,1,449.12,3,1,2,Normal
2495,15740,49,1,154.88000000000002,3,1,1,Normal
2496,15743,16,4,784.46,4,4,3,Loyal
2497,15744,78,1,34.8,2,1,1,Normal
2498,15745,19,4,1094.5900000000001,4,4,4,Champion
2499,15746,134,1,196.88,2,1,1,Normal
2500,15747,13,3,974.0399999999998,5,3,4,Loyal
2501,15748,40,1,149.31,3,1,1,Normal
2502,15749,235,3,44534.3,1,3,5,At risk
2503,15750,3,8,2465.4799999999996,5,5,5,Champion
2504,15752,40,7,2637.38,3,5,5,Loyal
2505,15753,305,1,79.2,1,1,1,Normal
2506,15754,51,3,458.57000000000005,3,3,2,Loyal
2507,15755,10,6,2364.25,5,5,5,Champion
2508,15756,61,4,532.96,3,4,3,Loyal
2509,15757,66,2,714.4200000000001,3,3,3,Loyal
2510,15758,25,1,205.25,4,2,1,New customer
2511,15759,218,3,253.04000000000002,1,3,2,Normal
2512,15762,65,2,583.7500000000001,3,3,3,Loyal
2513,15763,32,2,1086.9200000000003,4,3,4,Loyal
2514,15764,88,6,3279.9700000000003,2,5,5,At risk
2515,15766,64,1,315.05999999999995,3,2,2,Normal
2516,15768,116,3,621.8299999999999,2,4,3,Normal
2517,15769,7,26,56252.72,5,5,5,Champion
2518,15773,6,1,635.6800000000001,5,2,3,New customer
2519,15774,69,1,270.8,3,2,2,Normal
2520,15775,245,1,104.9,1,2,1,Normal
2521,15776,133,1,241.62,2,2,1,Normal
2522,15777,241,4,1047.11,1,4,4,At risk
2523,15780,184,3,475.28,1,4,2,Normal
2524,15781,25,3,345.46,4,4,2,Loyal
2525,15782,10,3,2614.74,5,4,5,Champion
2526,15783,11,1,246.3,5,2,1,New customer
2527,15785,33,5,2328.9699999999993,4,4,5,Champion
2528,15786,46,3,4932.2,3,4,5,Loyal
2529,15787,26,3,948.05,4,4,4,Champion
2530,15789,358,1,351.3,1,2,2,Normal
2531,15790,10,1,220.85,5,2,1,New customer
2532,15791,44,2,1612.69,3,3,4,Loyal
2533,15793,15,3,965.6100000000001,4,4,4,Champion
2534,15795,150,1,610.0100000000001,2,2,3,Normal
2535,15796,1,8,2711.56,5,5,5,Champion
2536,15797,113,4,2207.4,2,4,5,At risk
2537,15799,76,3,884.14,2,4,3,Normal
2538,15800,107,2,699.08,2,3,3,Normal
2539,15801,46,3,1063.9499999999998,3,4,4,Loyal
2540,15802,143,1,451.42,2,2,2,Normal
2541,15803,51,1,415.82,3,2,2,Normal
2542,15804,1,13,4206.389999999999,5,5,5,Champion
2543,15805,23,17,5528.4800000000005,4,5,5,Champion
2544,15806,46,3,784.5799999999999,3,4,3,Loyal
2545,15807,50,3,903.9000000000001,3,4,3,Loyal
2546,15808,306,4,3734.9700000000003,1,4,5,At risk
2547,15809,36,5,515.77,3,4,3,Loyal
2548,15810,79,4,1391.98,2,4,4,At risk
2549,15811,22,6,2218.62,4,5,5,Champion
2550,15812,107,5,1801.14,2,4,4,At risk
2551,15813,208,2,1303.9099999999999,1,3,4,At risk
2552,15814,17,4,1945.33,4,4,4,Champion
2553,15815,64,5,2100.6,3,4,5,Loyal
2554,15819,49,4,1905.4500000000003,3,4,4,Loyal
2555,15820,320,1,206.98,1,2,1,Normal
2556,15821,44,2,570.96,3,3,3,Loyal
2557,15822,3,2,885.47,5,3,3,Loyal
2558,15823,372,1,15.0,1,2,1,Normal
2559,15825,172,1,532.94,2,2,3,Normal
2560,15826,56,3,1654.31,3,4,4,Loyal
2561,15827,73,14,1836.09,2,5,4,At risk
2562,15829,99,2,636.1400000000001,2,3,3,Normal
2563,15830,38,1,576.0,3,2,3,Normal
2564,15831,58,3,801.76,3,4,3,Loyal
2565,15832,254,1,836.7899999999998,1,2,3,Normal
2566,15834,70,4,2233.75,3,4,5,Loyal
2567,15835,44,4,954.09,3,4,4,Loyal
2568,15836,50,1,137.37,3,2,1,Normal
2569,15837,65,1,391.97999999999996,3,2,2,Normal
2570,15838,11,19,33643.079999999994,5,5,5,Champion
2571,15839,33,3,1048.49,4,4,4,Champion
2572,15840,59,2,355.56,3,3,2,Loyal
2573,15841,73,4,1224.0600000000002,2,4,4,At risk
2574,15843,304,1,118.95000000000002,1,2,1,Normal
2575,15844,46,1,130.73999999999998,3,2,1,Normal
2576,15845,18,8,3711.7700000000004,4,5,5,Champion
2577,15847,38,2,389.2699999999999,3,3,2,Loyal
2578,15850,19,2,238.84999999999997,4,3,1,Loyal
2579,15852,187,2,160.70999999999998,1,3,1,Normal
2580,15853,52,1,110.8,3,2,1,Normal
2581,15854,4,12,2974.65,5,5,5,Champion
2582,15855,137,5,712.24,2,4,3,Normal
2583,15856,4,27,16387.57,5,5,5,Champion
2584,15857,19,1,297.0,4,2,2,New customer
2585,15858,16,5,1438.85,4,4,4,Champion
2586,15860,41,8,977.21,3,5,4,Loyal
2587,15861,12,8,3165.359999999999,5,5,5,Champion
2588,15862,8,4,832.8800000000001,5,4,3,Loyal
2589,15863,26,2,68.84,4,3,1,Loyal
2590,15864,22,6,1936.3200000000004,4,5,4,Champion
2591,15865,41,3,895.13,3,4,3,Loyal
2592,15866,101,1,230.52999999999997,2,2,1,Normal
2593,15867,5,15,3812.6400000000003,5,5,5,Champion
2594,15869,277,2,149.63999999999996,1,3,1,Normal
2595,15870,33,1,354.09000000000003,4,2,2,New customer
2596,15872,15,2,360.93,4,3,2,Loyal
2597,15874,64,7,4405.88,3,5,5,Loyal
2598,15877,2,2,493.28,5,3,3,Loyal
2599,15880,369,1,343.28000000000003,1,2,2,Normal
2600,15881,312,5,501.39,1,4,3,Normal
2601,15882,199,4,516.36,1,4,3,Normal
2602,15883,2,2,396.48,5,3,2,Loyal
2603,15885,93,3,379.35,2,4,2,Normal
2604,15886,60,1,181.09,3,2,1,Normal
2605,15888,81,1,168.31,2,2,1,Normal
2606,15889,157,2,446.86999999999995,2,3,2,Normal
2607,15891,227,1,524.5199999999999,1,2,3,Normal
2608,15894,253,2,263.55,1,3,2,Normal
2609,15895,150,1,179.17,2,2,1,Normal
2610,15897,194,2,222.05,1,3,1,Normal
2611,15898,1,5,1388.88,5,4,4,Champion
2612,15899,369,1,56.25,1,2,1,Normal
2613,15900,24,1,351.10999999999996,4,2,2,New customer
2614,15901,17,3,363.87999999999994,4,4,2,Loyal
2615,15903,10,7,5126.76,5,5,5,Champion
2616,15904,8,1,164.67999999999998,5,2,1,New customer
2617,15906,20,7,1567.69,4,5,4,Champion
2618,15907,4,3,967.45,5,4,4,Champion
2619,15909,174,1,191.93999999999997,2,2,1,Normal
2620,15910,1,8,1232.18,5,5,4,Champion
2621,15912,178,2,264.62,2,3,2,Normal
2622,15916,16,8,1528.0900000000001,4,5,4,Champion
2623,15917,248,1,123.1,1,2,1,Normal
2624,15918,191,2,334.22999999999996,1,3,2,Normal
2625,15919,20,2,639.89,4,3,3,Loyal
2626,15920,154,4,167.49999999999997,2,4,1,Normal
2627,15921,173,1,336.03,2,2,2,Normal
2628,15922,373,1,369.50000000000006,1,2,2,Normal
2629,15923,373,1,127.08000000000001,1,2,1,Normal
2630,15925,194,1,207.14999999999998,1,2,1,Normal
2631,15930,67,1,426.6300000000001,3,2,2,Normal
2632,15932,4,8,2495.8700000000003,5,5,5,Champion
2633,15933,21,3,1107.4600000000003,4,4,4,Champion
2634,15935,239,2,416.86,1,3,2,Normal
2635,15937,64,1,145.35,3,2,1,Normal
2636,15938,112,5,404.58,2,4,2,Normal
2637,15939,90,15,6115.01,2,5,5,At risk
2638,15940,311,1,35.8,1,2,1,Normal
2639,15942,134,1,337.43999999999994,2,2,2,Normal
2640,15944,277,1,325.1,1,2,2,Normal
2641,15945,365,1,181.0,1,2,1,Normal
2642,15947,83,1,1708.2400000000002,2,2,4,At risk
2643,15948,8,2,955.2400000000001,5,3,4,Loyal
2644,15949,17,2,364.71999999999997,4,3,2,Loyal
2645,15950,32,4,1765.51,4,4,4,Champion
2646,15951,9,2,708.2199999999999,5,3,3,Loyal
2647,15952,34,4,806.57,3,4,3,Loyal
2648,15953,15,8,1659.3799999999999,4,5,4,Champion
2649,15955,24,14,4416.26,4,5,5,Champion
2650,15957,32,1,428.89,4,2,2,New customer
2651,15958,74,1,104.35,2,2,1,Normal
2652,15963,20,2,470.76000000000005,4,3,2,Loyal
2653,15965,17,4,845.6400000000001,4,4,3,Loyal
2654,15967,23,2,418.83,4,3,2,Loyal
2655,15969,3,3,666.1,5,4,3,Loyal
2656,15970,304,1,314.1,1,2,2,Normal
2657,15971,18,12,4199.849999999999,4,5,5,Champion
2658,15973,367,1,307.82,1,2,2,Normal
2659,15974,39,7,3442.15,3,5,5,Loyal
2660,15975,84,1,371.01,2,2,2,Normal
2661,15976,165,2,430.94000000000005,2,3,2,Normal
2662,15977,17,2,1054.7300000000002,4,3,4,Loyal
2663,15978,77,1,1098.78,2,2,4,At risk
2664,15980,89,3,2398.8600000000006,2,4,5,At risk
2665,15981,25,8,3408.4800000000005,4,5,5,Champion
2666,15983,22,4,1475.02,4,4,4,Champion
2667,15984,3,10,2837.67,5,5,5,Champion
2668,15985,123,2,1142.4200000000003,2,3,4,At risk
2669,15986,30,1,168.12000000000003,4,2,1,New customer
2670,15987,12,7,1451.2800000000002,5,5,4,Champion
2671,15988,19,1,158.02999999999997,4,2,1,New customer
2672,15990,44,2,792.1099999999999,3,3,3,Loyal
2673,15992,4,1,41.989999999999995,5,2,1,New customer
2674,15993,9,7,2797.5699999999997,5,5,5,Champion
2675,15994,55,1,427.07,3,2,2,Normal
2676,15996,88,6,1060.68,2,5,4,At risk
2677,15998,37,5,3089.97,3,4,5,Loyal
2678,16000,3,3,12393.7,5,4,5,Champion
2679,16003,30,5,2735.37,4,4,5,Champion
2680,16005,12,4,615.3900000000001,5,4,3,Loyal
2681,16006,211,1,101.4,1,2,1,Normal
2682,16007,48,4,1701.94,3,4,4,Loyal
2683,16008,24,3,478.78000000000003,4,4,2,Loyal
2684,16009,22,4,992.7099999999999,4,4,4,Champion
2685,16010,246,3,407.49999999999994,1,4,2,Normal
2686,16011,8,16,3362.71,5,5,5,Champion
2687,16012,35,3,1415.2900000000002,3,4,4,Loyal
2688,16013,4,47,37130.600000000006,5,5,5,Champion
2689,16014,38,3,662.38,3,4,3,Loyal
2690,16015,4,3,705.39,5,4,3,Loyal
2691,16016,3,8,1508.7600000000002,5,5,4,Champion
2692,16017,47,1,211.87999999999997,3,2,1,Normal
2693,16018,39,2,408.9,3,3,2,Loyal
2694,16019,47,9,3786.24,3,5,5,Loyal
2695,16020,17,3,851.01,4,4,3,Loyal
2696,16022,260,1,628.2800000000002,1,2,3,Normal
2697,16023,46,3,719.8100000000001,3,4,3,Loyal
2698,16024,12,1,251.24,5,2,2,New customer
2699,16025,30,1,439.65999999999997,4,2,2,New customer
2700,16026,43,1,236.09,3,2,1,Normal
2701,16027,92,6,934.6200000000001,2,5,3,Normal
2702,16029,39,63,81024.84,3,5,5,Loyal
2703,16030,310,1,331.23999999999995,1,2,2,Normal
2704,16031,92,2,548.9399999999999,2,3,3,Normal
2705,16033,6,20,8816.4,5,5,5,Champion
2706,16034,196,3,437.70000000000005,1,4,2,Normal
2707,16036,87,2,758.9200000000001,2,3,3,Normal
2708,16037,270,3,855.02,1,4,3,Normal
2709,16038,8,3,471.78,5,4,2,Loyal
2710,16040,65,3,1313.5500000000002,3,4,4,Loyal
2711,16041,31,3,3166.4,4,4,5,Champion
2712,16042,22,5,1197.27,4,4,4,Champion
2713,16043,38,4,773.9900000000004,3,4,3,Loyal
2714,16045,120,4,1340.7,2,4,4,At risk
2715,16048,373,2,256.44,1,3,2,Normal
2716,16049,40,3,1111.79,3,4,4,Loyal
2717,16050,174,1,137.9,2,2,1,Normal
2718,16052,54,1,362.05999999999995,3,2,2,Normal
2719,16053,33,2,1511.9500000000003,4,3,4,Loyal
2720,16054,145,1,783.9,2,2,3,Normal
2721,16055,221,1,134.8,1,2,1,Normal
2722,16056,45,1,664.85,3,2,3,Normal
2723,16057,16,7,2263.12,4,5,5,Champion
2724,16059,66,6,1459.8600000000001,3,5,4,Loyal
2725,16062,10,4,1153.62,5,4,4,Champion
2726,16063,260,1,335.32000000000005,1,2,2,Normal
2727,16065,365,1,372.09,1,2,2,Normal
2728,16066,17,5,1521.87,4,4,4,Champion
2729,16070,22,2,852.15,4,3,3,Loyal
2730,16071,45,1,326.24,3,2,2,Normal
2731,16072,288,1,584.3199999999999,1,2,3,Normal
2732,16073,297,1,122.39999999999999,1,2,1,Normal
2733,16076,3,10,2234.73,5,5,5,Champion
2734,16078,284,1,79.2,1,2,1,Normal
2735,16079,17,3,1352.0000000000002,4,4,4,Champion
2736,16080,82,2,217.15999999999997,2,3,1,Normal
2737,16081,56,5,2806.9,3,4,5,Loyal
2738,16083,101,2,1317.6200000000001,2,3,4,At risk
2739,16084,299,1,436.17999999999995,1,2,2,Normal
2740,16085,23,5,981.5100000000002,4,4,4,Champion
2741,16086,59,5,1121.39,3,4,4,Loyal
2742,16091,155,2,315.06,2,3,2,Normal
2743,16092,115,3,817.8599999999999,2,4,3,Normal
2744,16093,107,1,17.0,2,2,1,Normal
2745,16094,12,4,1078.23,5,4,4,Champion
2746,16096,264,1,320.62,1,2,2,Normal
2747,16097,240,1,185.04999999999998,1,2,1,Normal
2748,16098,88,7,2005.6299999999999,2,5,4,At risk
2749,16099,50,3,731.9000000000001,3,4,3,Loyal
2750,16101,71,1,1290.6999999999998,3,2,4,Normal
2751,16102,42,3,1842.1399999999999,3,4,4,Loyal
2752,16103,7,6,1429.64,5,5,4,Champion
2753,16104,62,1,302.35999999999996,3,2,2,Normal
2754,16105,249,1,336.96000000000004,1,2,2,Normal
2755,16106,66,1,108.38,3,2,1,Normal
2756,16107,18,7,3204.1600000000003,4,5,5,Champion
2757,16108,85,1,842.5,2,2,3,Normal
2758,16109,219,2,611.88,1,3,3,Normal
2759,16110,45,3,1337.48,3,4,4,Loyal
2760,16112,143,4,195.73999999999998,2,4,1,Normal
2761,16113,183,1,161.38,1,2,1,Normal
2762,16114,171,1,135.75000000000003,2,2,1,Normal
2763,16115,10,8,1667.97,5,5,4,Champion
2764,16116,212,1,612.7800000000001,1,2,3,Normal
2765,16117,190,1,232.21000000000004,1,2,1,Normal
2766,16119,8,2,423.36,5,3,2,Loyal
2767,16120,59,4,1309.14,3,4,4,Loyal
2768,16121,57,2,867.1100000000001,3,3,3,Loyal
2769,16122,73,4,684.42,2,4,3,Normal
2770,16123,52,1,307.78,3,2,2,Normal
2771,16124,317,1,249.0,1,2,1,Normal
2772,16125,367,1,289.35,1,2,2,Normal
2773,16126,29,4,6287.77,4,4,5,Champion
2774,16127,39,1,656.25,3,2,3,Normal
2775,16128,18,5,1880.2200000000003,4,4,4,Champion
2776,16131,52,6,3506.54,3,5,5,Loyal
2777,16133,4,33,14589.04,5,5,5,Champion
2778,16134,22,2,618.0899999999999,4,3,3,Loyal
2779,16135,263,1,517.55,1,2,3,Normal
2780,16136,60,3,709.38,3,4,3,Loyal
2781,16139,19,3,635.4100000000001,4,4,3,Loyal
2782,16140,66,2,725.18,3,3,3,Loyal
2783,16141,88,1,620.4,2,2,3,Normal
2784,16142,250,1,535.34,1,2,3,Normal
2785,16143,3,6,2424.94,5,5,5,Champion
2786,16144,247,1,175.2,1,2,1,Normal
2787,16145,9,11,3799.49,5,5,5,Champion
2788,16146,157,3,734.13,2,4,3,Normal
2789,16147,134,1,375.0,2,2,2,Normal
2790,16148,296,1,76.32000000000001,1,2,1,Normal
2791,16149,5,2,280.52,5,3,2,Loyal
2792,16150,43,5,2053.0200000000004,3,4,4,Loyal
2793,16152,269,1,1829.0400000000004,1,2,4,At risk
2794,16153,50,5,1824.23,3,4,4,Loyal
2795,16156,9,9,3122.04,5,5,5,Champion
2796,16157,16,3,656.6899999999999,4,4,3,Loyal
2797,16159,282,1,348.20000000000005,1,2,2,Normal
2798,16160,65,2,1025.44,3,3,4,Loyal
2799,16161,2,19,5575.5599999999995,5,5,5,Champion
2800,16162,252,1,37.4,1,2,1,Normal
2801,16163,232,2,856.6000000000001,1,3,3,Normal
2802,16164,17,3,822.48,4,4,3,Loyal
2803,16168,11,27,3787.5999999999995,5,5,5,Champion
2804,16169,8,4,1822.9700000000003,5,4,4,Champion
2805,16170,51,6,1885.0500000000002,3,5,4,Loyal
2806,16171,59,1,73.2,3,2,1,Normal
2807,16172,95,5,1140.2100000000003,2,4,4,At risk
2808,16173,16,6,1418.3200000000004,4,5,4,Champion
2809,16174,126,3,1009.5500000000002,2,4,4,At risk
2810,16175,94,4,1037.5900000000001,2,4,4,At risk
2811,16177,50,1,331.95000000000005,3,2,2,Normal
2812,16178,138,1,197.9,2,2,1,Normal
2813,16179,61,1,215.82999999999998,3,2,1,Normal
2814,16180,100,8,10254.18,2,5,5,At risk
2815,16181,73,1,305.54,2,2,2,Normal
2816,16182,72,4,6617.650000000001,3,4,5,Loyal
2817,16183,67,1,338.71000000000004,3,2,2,Normal
2818,16184,64,6,1158.79,3,5,4,Loyal
2819,16185,17,2,529.41,4,3,3,Loyal
2820,16186,23,12,4006.94,4,5,5,Champion
2821,16187,32,15,6911.44,4,5,5,Champion
2822,16188,45,4,981.8600000000001,3,4,4,Loyal
2823,16189,16,2,215.47999999999996,4,3,1,Loyal
2824,16190,40,1,215.08,3,2,1,Normal
2825,16191,3,13,5180.5199999999995,5,5,5,Champion
2826,16193,237,1,314.45,1,2,2,Normal
2827,16198,75,1,400.6810000000001,2,2,2,Normal
2828,16200,4,2,1080.6200000000001,5,3,4,Loyal
2829,16201,3,4,1863.4700000000003,5,4,4,Champion
2830,16202,361,1,365.27,1,2,2,Normal
2831,16203,59,4,592.9,3,4,3,Loyal
2832,16204,23,1,405.71000000000004,4,2,2,New customer
2833,16205,31,4,761.3800000000001,4,4,3,Loyal
2834,16206,55,4,537.0600000000001,3,4,3,Loyal
2835,16207,25,1,394.38000000000005,4,2,2,New customer
2836,16208,45,2,664.26,3,3,3,Loyal
2837,16209,89,5,2262.62,2,4,5,At risk
2838,16210,2,18,21086.300000000003,5,5,5,Champion
2839,16211,89,1,547.02,2,2,3,Normal
2840,16212,19,2,690.3400000000001,4,3,3,Loyal
2841,16213,79,1,159.0,2,2,1,Normal
2842,16214,171,3,1062.7500000000002,2,4,4,At risk
2843,16215,81,1,242.34999999999997,2,2,1,Normal
2844,16216,267,1,914.9300000000002,1,2,3,Normal
2845,16217,235,2,304.25000000000006,1,3,2,Normal
2846,16218,30,7,3084.6800000000003,4,5,5,Champion
2847,16221,37,3,864.86,3,4,3,Loyal
2848,16222,318,1,846.7200000000001,1,2,3,Normal
2849,16224,57,4,1295.3000000000002,3,4,4,Loyal
2850,16225,45,5,1096.3200000000002,3,4,4,Loyal
2851,16226,203,3,255.12,1,4,2,Normal
2852,16227,225,1,314.22,1,2,2,Normal
2853,16229,87,2,1010.6000000000001,2,3,4,At risk
2854,16230,190,2,542.03,1,3,3,Normal
2855,16232,44,4,990.8800000000001,3,4,4,Loyal
2856,16233,71,3,536.68,3,4,3,Loyal
2857,16235,41,5,867.3100000000001,3,4,3,Loyal
2858,16236,78,1,432.2,2,2,2,Normal
2859,16239,57,2,414.20000000000005,3,3,2,Loyal
2860,16240,24,2,3718.8,4,3,5,Loyal
2861,16241,10,13,2607.87,5,5,5,Champion
2862,16242,8,7,3603.2100000000005,5,5,5,Champion
2863,16243,34,2,409.09999999999997,3,3,2,Loyal
2864,16244,212,2,1522.7500000000002,1,3,4,At risk
2865,16245,24,3,1413.66,4,4,4,Champion
2866,16247,170,1,114.56,2,2,1,Normal
2867,16248,62,1,152.94,3,2,1,Normal
2868,16249,53,5,1800.0700000000002,3,4,4,Loyal
2869,16250,261,2,389.44000000000005,1,3,2,Normal
2870,16253,67,2,3683.8600000000006,3,3,5,Loyal
2871,16255,17,8,2619.91,4,5,5,Champion
2872,16256,267,1,752.4300000000001,1,2,3,Normal
2873,16257,177,1,46.95,2,2,1,Normal
2874,16258,45,5,5203.510000000001,3,4,5,Loyal
2875,16260,51,1,1035.45,3,2,4,Normal
2876,16261,17,4,746.8300000000003,4,4,3,Loyal
2877,16265,9,9,5447.000000000001,5,5,5,Champion
2878,16266,74,7,861.89,2,5,3,Normal
2879,16268,71,2,667.6500000000001,3,3,3,Loyal
2880,16270,353,1,1141.24,1,2,4,At risk
2881,16271,3,5,1429.2400000000002,5,4,4,Champion
2882,16272,117,1,411.7,2,2,2,Normal
2883,16274,373,1,357.95,1,2,2,Normal
2884,16275,197,1,559.87,1,2,3,Normal
2885,16276,177,1,810.6000000000001,2,2,3,Normal
2886,16278,100,1,566.38,2,2,3,Normal
2887,16279,21,3,1509.58,4,4,4,Champion
2888,16281,72,1,2062.06,3,2,5,Normal
2889,16282,340,1,168.29999999999998,1,2,1,Normal
2890,16283,6,5,1570.81,5,4,4,Champion
2891,16284,31,2,823.9700000000001,4,3,3,Loyal
2892,16287,170,1,142.5,2,2,1,Normal
2893,16292,122,1,302.25,2,2,2,Normal
2894,16293,22,10,2248.9899999999993,4,5,5,Champion
2895,16295,10,4,1328.55,5,4,4,Champion
2896,16297,269,1,301.9,1,2,2,Normal
2897,16298,23,3,598.1999999999999,4,4,3,Loyal
2898,16302,127,1,233.22,2,2,1,Normal
2899,16303,26,3,5360.63,4,4,5,Champion
2900,16305,139,1,361.22,2,2,2,Normal
2901,16306,214,6,632.27,1,5,3,Normal
2902,16308,38,4,2560.0,3,4,5,Loyal
2903,16309,106,2,706.5699999999999,2,3,3,Normal
2904,16311,18,2,616.26,4,3,3,Loyal
2905,16313,3,2,274.15,5,3,2,Loyal
2906,16315,331,1,226.37,1,2,1,Normal
2907,16316,64,8,2938.91,3,5,5,Loyal
2908,16317,120,3,1341.65,2,4,4,At risk
2909,16318,35,1,328.1500000000001,3,2,2,Normal
2910,16319,218,1,404.40000000000003,1,2,2,Normal
2911,16320,172,2,1038.46,2,3,4,At risk
2912,16321,72,5,373.6500000000001,3,4,2,Loyal
2913,16322,1,2,326.75,5,3,2,Loyal
2914,16323,196,1,207.50000000000003,1,2,1,Normal
2915,16324,128,3,428.67999999999995,2,4,2,Normal
2916,16325,47,3,594.24,3,4,3,Loyal
2917,16326,6,14,3110.96,5,5,5,Champion
2918,16327,14,6,3844.2199999999993,4,5,5,Champion
2919,16330,18,3,251.90999999999997,4,4,2,Loyal
2920,16332,28,7,1593.2000000000003,4,5,4,Champion
2921,16333,8,22,26626.8,5,5,5,Champion
2922,16337,37,1,151.05,3,2,1,Normal
2923,16338,157,1,214.79999999999998,2,2,1,Normal
2924,16339,284,1,109.95000000000002,1,2,1,Normal
2925,16340,107,1,549.0699999999999,2,2,3,Normal
2926,16341,25,4,1971.87,4,4,4,Champion
2927,16342,75,4,322.40999999999997,2,4,2,Normal
2928,16343,16,2,370.47999999999985,4,3,2,Loyal
2929,16344,158,1,101.10000000000001,2,2,1,Normal
2930,16345,44,1,575.4100000000001,3,2,3,Normal
2931,16347,11,2,887.6500000000001,5,3,3,Loyal
2932,16348,32,7,1469.45,4,5,4,Champion
2933,16349,291,1,53.5,1,2,1,Normal
2934,16350,21,4,1116.47,4,4,4,Champion
2935,16351,333,1,153.9,1,2,1,Normal
2936,16352,18,2,494.44,4,3,3,Loyal
2937,16353,4,23,6675.709999999999,5,5,5,Champion
2938,16354,63,2,395.79999999999995,3,3,2,Loyal
2939,16356,198,3,211.77,1,4,1,Normal
2940,16357,33,3,658.8800000000001,4,4,3,Loyal
2941,16358,1,4,2027.4999999999998,5,4,4,Champion
2942,16359,7,9,1750.92,5,5,4,Champion
2943,16360,5,6,3512.53,5,5,5,Champion
2944,16361,10,4,896.66,5,4,3,Loyal
2945,16362,32,5,734.7700000000001,4,4,3,Loyal
2946,16363,53,1,109.36000000000001,3,2,1,Normal
2947,16364,12,2,707.04,5,3,3,Loyal
2948,16365,18,9,1540.42,4,5,4,Champion
2949,16366,19,1,327.29999999999995,4,2,2,New customer
2950,16367,37,2,804.49,3,3,3,Loyal
2951,16368,2,2,497.42999999999995,5,3,3,Loyal
2952,16369,18,3,1553.6599999999999,4,4,4,Champion
2953,16370,82,4,1320.5600000000002,2,4,4,At risk
2954,16372,33,2,367.92999999999995,4,3,2,Loyal
2955,16374,66,2,473.03,3,3,2,Loyal
2956,16376,9,2,987.0100000000002,5,3,4,Loyal
2957,16377,267,1,676.2,1,2,3,Normal
2958,16378,247,3,362.95000000000005,1,4,2,Normal
2959,16379,4,4,2157.3999999999996,5,4,5,Champion
2960,16380,61,1,1780.5900000000001,3,2,4,Normal
2961,16383,75,2,668.3599999999999,2,3,3,Normal
2962,16384,90,2,584.5,2,3,3,Normal
2963,16385,60,3,555.8900000000001,3,4,3,Loyal
2964,16386,29,2,317.20000000000005,4,3,2,Loyal
2965,16387,323,1,94.36,1,2,1,Normal
2966,16389,53,4,1382.07,3,4,4,Loyal
2967,16392,270,1,221.18999999999997,1,2,1,Normal
2968,16393,2,13,3046.21,5,5,5,Champion
2969,16394,57,5,1555.3399999999997,3,4,4,Loyal
2970,16395,61,5,1486.9,3,4,4,Loyal
2971,16398,154,2,1705.8000000000002,2,3,4,At risk
2972,16399,19,2,408.57,4,3,2,Loyal
2973,16400,95,1,303.92999999999995,2,2,2,Normal
2974,16401,1,12,4098.32,5,5,5,Champion
2975,16402,265,2,299.59999999999997,1,3,2,Normal
2976,16403,312,1,177.5,1,2,1,Normal
2977,16404,70,1,443.05,3,2,2,Normal
2978,16405,302,2,167.25,1,3,1,Normal
2979,16406,19,1,163.06999999999994,4,2,1,New customer
2980,16407,13,10,2126.9300000000003,5,5,5,Champion
2981,16409,36,5,2028.88,3,4,4,Loyal
2982,16411,19,2,214.64999999999998,4,3,1,Loyal
2983,16412,54,1,151.82999999999998,3,2,1,Normal
2984,16413,57,1,262.20000000000005,3,2,2,Normal
2985,16414,22,2,126.25,4,3,1,Loyal
2986,16415,44,1,210.34999999999997,3,2,1,Normal
2987,16416,27,3,1051.4,4,4,4,Champion
2988,16418,45,3,675.2700000000001,3,4,3,Loyal
2989,16419,113,6,972.23,2,5,4,At risk
2990,16422,17,51,34684.4,4,5,5,Champion
2991,16423,25,1,346.11999999999995,4,2,2,New customer
2992,16424,191,1,133.56,1,2,1,Normal
2993,16425,302,1,302.70000000000005,1,2,2,Normal
2994,16426,2,10,1908.25,5,5,4,Champion
2995,16427,263,2,241.06,1,3,1,Normal
2996,16429,106,1,284.55,2,2,2,Normal
2997,16430,57,1,300.85,3,2,2,Normal
2998,16431,213,3,642.8100000000001,1,4,3,Normal
2999,16432,64,1,287.4,3,2,2,Normal
3000,16433,28,1,184.26,4,2,1,New customer
3001,16434,29,7,1522.2500000000002,4,5,4,Champion
3002,16438,6,5,798.35,5,4,3,Loyal
3003,16440,8,5,3640.67,5,4,5,Champion
3004,16441,67,2,381.2,3,3,2,Loyal
3005,16442,2,3,616.79,5,4,3,Loyal
3006,16444,46,4,654.6700000000001,3,4,3,Loyal
3007,16445,34,1,230.50999999999993,3,2,1,Normal
3008,16446,1,2,168472.5,5,3,5,Loyal
3009,16447,136,1,259.01,2,2,2,Normal
3010,16448,198,1,188.89000000000001,1,2,1,Normal
3011,16449,198,2,707.69,1,3,3,Normal
3012,16450,150,1,311.92,2,2,2,Normal
3013,16451,88,1,266.97,2,2,2,Normal
3014,16454,45,2,6.9,3,3,1,Loyal
3015,16455,64,7,1841.18,3,5,4,Loyal
3016,16456,99,5,2158.3699999999994,2,4,5,At risk
3017,16457,218,1,208.36,1,2,1,Normal
3018,16458,3,18,3482.74,5,5,5,Champion
3019,16460,28,3,814.72,4,4,3,Loyal
3020,16461,178,1,151.42,2,2,1,Normal
3021,16462,74,3,136.0,2,4,1,Normal
3022,16463,21,4,1422.3999999999999,4,4,4,Champion
3023,16464,20,3,1314.6800000000003,4,4,4,Champion
3024,16466,34,7,1603.46,3,5,4,Loyal
3025,16468,74,1,74.9,2,2,1,Normal
3026,16469,24,4,650.4300000000001,4,4,3,Loyal
3027,16470,52,4,762.39,3,4,3,Loyal
3028,16471,275,1,223.95000000000002,1,2,1,Normal
3029,16473,165,3,316.10999999999996,2,4,2,Normal
3030,16474,7,7,1871.5000000000002,5,5,4,Champion
3031,16475,88,4,544.3,2,4,3,Normal
3032,16477,64,7,2494.46,3,5,5,Loyal
3033,16478,25,3,331.0,4,4,2,Loyal
3034,16479,10,2,300.83,5,3,2,Loyal
3035,16480,76,1,769.2899999999998,2,2,3,Normal
3036,16482,16,1,220.62,4,2,1,New customer
3037,16483,192,1,139.35,1,2,1,Normal
3038,16484,174,2,404.3,2,3,2,Normal
3039,16485,77,1,363.65,2,2,2,Normal
3040,16488,33,3,498.79999999999995,4,4,3,Loyal
3041,16491,47,1,731.5,3,2,3,Normal
3042,16493,80,4,1351.63,2,4,4,At risk
3043,16494,297,1,826.53,1,2,3,Normal
3044,16495,3,3,684.41,5,4,3,Loyal
3045,16496,9,3,1599.5200000000002,5,4,4,Champion
3046,16497,50,6,2965.69,3,5,5,Loyal
3047,16498,161,2,100.97000000000001,2,3,1,Normal
3048,16499,360,2,365.45,1,3,2,Normal
3049,16500,5,6,400.86,5,5,2,Loyal
3050,16503,107,4,1431.9300000000003,2,4,4,At risk
3051,16504,25,1,484.38,4,2,2,New customer
3052,16505,32,1,777.6,4,2,3,New customer
3053,16506,20,2,90.30000000000001,4,3,1,Loyal
3054,16509,297,1,363.7,1,2,2,Normal
3055,16510,372,1,248.10000000000002,1,2,1,Normal
3056,16511,22,3,950.26,4,4,4,Champion
3057,16513,5,4,874.5899999999999,5,4,3,Loyal
3058,16515,52,5,1627.13,3,4,4,Loyal
3059,16516,30,1,101.69999999999999,4,2,1,New customer
3060,16517,277,1,162.7,1,2,1,Normal
3061,16518,61,2,484.32,3,3,2,Loyal
3062,16519,25,2,215.07999999999998,4,3,1,Loyal
3063,16520,186,3,1046.5700000000002,1,4,4,At risk
3064,16523,2,21,9418.470000000001,5,5,5,Champion
3065,16525,2,26,13027.45,5,5,5,Champion
3066,16526,172,1,290.35999999999996,2,2,2,Normal
3067,16527,81,1,228.06,2,2,1,Normal
3068,16528,4,1,244.41,5,2,1,New customer
3069,16529,190,1,455.24999999999994,1,2,2,Normal
3070,16531,22,7,1244.5900000000001,4,5,4,Champion
3071,16532,18,3,6748.8,4,4,5,Champion
3072,16533,19,3,1095.56,4,4,4,Champion
3073,16535,5,1,593.75,5,2,3,New customer
3074,16536,110,1,548.97,2,2,3,Normal
3075,16539,3,4,1388.81,5,4,4,Champion
3076,16542,54,1,119.62,3,2,1,Normal
3077,16545,165,1,339.3,2,2,2,Normal
3078,16546,291,2,787.1499999999999,1,3,3,Normal
3079,16549,10,10,4154.64,5,5,5,Champion
3080,16550,109,5,2298.97,2,4,5,At risk
3081,16551,96,3,922.12,2,4,3,Normal
3082,16552,243,2,379.73,1,3,2,Normal
3083,16553,163,12,5719.82,2,5,5,At risk
3084,16554,42,3,837.0999999999999,3,4,3,Loyal
3085,16555,35,2,285.89,3,3,2,Loyal
3086,16556,67,7,3313.789999999999,3,5,5,Loyal
3087,16557,24,2,281.85,4,3,2,Loyal
3088,16558,1,20,8338.49,5,5,5,Champion
3089,16560,27,2,841.4100000000001,4,3,3,Loyal
3090,16561,6,2,511.12000000000006,5,3,3,Loyal
3091,16563,54,1,1077.7400000000002,3,2,4,Normal
3092,16565,364,1,173.7,1,2,1,Normal
3093,16566,15,5,614.6600000000001,4,4,3,Loyal
3094,16567,194,2,865.5999999999999,1,3,3,Normal
3095,16569,3,1,124.2,5,2,1,New customer
3096,16570,15,10,3738.4,4,5,5,Champion
3097,16571,27,3,1421.6899999999998,4,4,4,Champion
3098,16572,127,3,1009.6000000000001,2,4,4,At risk
3099,16573,85,2,663.61,2,3,3,Normal
3100,16574,71,1,451.43999999999994,3,2,2,Normal
3101,16581,183,1,105.84,1,2,1,Normal
3102,16582,113,1,313.62,2,2,2,Normal
3103,16583,374,1,233.44999999999996,1,2,1,Normal
3104,16584,80,2,936.0799999999998,2,3,3,Normal
3105,16586,249,1,463.95,1,2,2,Normal
3106,16587,232,1,225.15,1,2,1,Normal
3107,16589,71,3,459.24,3,4,2,Loyal
3108,16591,69,1,213.5,3,2,1,Normal
3109,16592,4,16,4113.68,5,5,5,Champion
3110,16593,51,3,330.03,3,4,2,Loyal
3111,16594,75,1,181.08999999999997,2,2,1,Normal
3112,16595,61,1,360.15999999999997,3,2,2,Normal
3113,16596,16,2,250.14999999999998,4,3,1,Loyal
3114,16597,4,1,90.04,5,2,1,New customer
3115,16598,286,1,145.04999999999998,1,2,1,Normal
3116,16600,4,6,813.5199999999999,5,5,3,Loyal
3117,16601,41,1,244.79999999999995,3,2,1,Normal
3118,16602,36,1,528.08,3,2,3,Normal
3119,16603,75,2,482.47,2,3,2,Normal
3120,16607,18,14,3347.71,4,5,5,Champion
3121,16609,15,7,5493.459999999999,4,5,5,Champion
3122,16610,219,1,75.66,1,2,1,Normal
3123,16611,186,1,129.49,1,2,1,Normal
3124,16612,33,4,1187.66,4,4,4,Champion
3125,16613,70,1,618.5899999999999,3,2,3,Normal
3126,16614,183,1,506.19,1,2,3,Normal
3127,16616,15,2,500.41999999999996,4,3,3,Loyal
3128,16617,236,1,151.85,1,2,1,Normal
3129,16618,31,5,2647.59,4,4,5,Champion
3130,16619,264,1,226.20999999999998,1,2,1,Normal
3131,16620,4,2,178.96,5,3,1,Loyal
3132,16621,52,4,813.48,3,4,3,Loyal
3133,16623,246,1,129.45000000000002,1,2,1,Normal
3134,16624,81,2,810.5699999999999,2,3,3,Normal
3135,16625,275,1,333.08,1,2,2,Normal
3136,16626,1,17,4413.1,5,5,5,Champion
3137,16627,79,1,322.8,2,2,2,Normal
3138,16628,30,5,2188.0499999999997,4,4,5,Champion
3139,16629,74,2,417.73,2,3,2,Normal
3140,16633,17,6,2883.0999999999995,4,5,5,Champion
3141,16634,223,2,217.9,1,3,1,Normal
3142,16637,32,4,1154.4700000000005,4,4,4,Champion
3143,16638,23,10,1680.72,4,5,4,Champion
3144,16639,31,3,1257.5100000000002,4,4,4,Champion
3145,16641,106,1,231.09999999999997,2,2,1,Normal
3146,16642,5,2,688.33,5,3,3,Loyal
3147,16643,246,1,487.51,1,2,2,Normal
3148,16644,178,2,833.78,2,3,3,Normal
3149,16647,170,2,214.06,2,3,1,Normal
3150,16648,43,1,290.66,3,2,2,Normal
3151,16650,72,1,518.42,3,2,3,Normal
3152,16652,59,7,6773.969999999998,3,5,5,Loyal
3153,16653,16,2,1212.6600000000003,4,3,4,Loyal
3154,16654,141,4,601.2699999999999,2,4,3,Normal
3155,16655,18,6,3794.5199999999995,4,5,5,Champion
3156,16656,22,15,8625.8,4,5,5,Champion
3157,16657,10,4,933.62,5,4,3,Loyal
3158,16658,368,1,123.24,1,2,1,Normal
3159,16659,189,1,39.12,1,2,1,Normal
3160,16660,16,4,1267.65,4,4,4,Champion
3161,16665,362,1,135.39999999999998,1,2,1,Normal
3162,16666,19,1,118.97999999999999,4,2,1,New customer
3163,16667,68,2,570.13,3,3,3,Loyal
3164,16668,15,6,306.72,4,5,2,Loyal
3165,16669,24,3,1374.8700000000001,4,4,4,Champion
3166,16670,17,11,4095.9,4,5,5,Champion
3167,16671,28,3,1692.27,4,4,4,Champion
3168,16672,2,20,8134.94,5,5,5,Champion
3169,16674,55,2,319.61,3,3,2,Loyal
3170,16676,34,4,1592.1200000000001,3,4,4,Loyal
3171,16678,3,12,3109.99,5,5,5,Champion
3172,16679,366,1,129.75,1,2,1,Normal
3173,16680,43,1,183.7,3,2,1,Normal
3174,16681,73,6,1770.3400000000001,2,5,4,At risk
3175,16682,5,5,1028.0,5,4,4,Champion
3176,16684,4,28,66653.56000000001,5,5,5,Champion
3177,16685,61,2,324.24,3,3,2,Loyal
3178,16686,47,7,3062.83,3,5,5,Loyal
3179,16688,1,4,1260.8599999999997,5,4,4,Champion
3180,16689,76,2,422.59999999999997,2,3,2,Normal
3181,16690,72,2,225.57999999999996,3,3,1,Loyal
3182,16692,256,2,1276.0,1,3,4,At risk
3183,16693,69,2,482.01,3,3,2,Loyal
3184,16696,135,4,657.9000000000001,2,4,3,Normal
3185,16697,241,1,112.75,1,2,1,Normal
3186,16698,227,2,1998.0,1,3,4,At risk
3187,16700,9,13,5076.55,5,5,5,Champion
3188,16701,9,13,5398.3,5,5,5,Champion
3189,16705,1,20,14034.990000000002,5,5,5,Champion
3190,16706,37,3,531.35,3,4,3,Loyal
3191,16708,46,1,656.63,3,2,3,Normal
3192,16709,85,5,3029.8700000000003,2,4,5,At risk
3193,16710,19,10,2483.04,4,5,5,Champion
3194,16711,3,5,1651.0299999999997,5,4,4,Champion
3195,16712,9,11,3645.4300000000003,5,5,5,Champion
3196,16713,19,15,6923.13,4,5,5,Champion
3197,16714,219,3,1161.53,1,4,4,At risk
3198,16715,78,1,301.71999999999997,2,2,2,Normal
3199,16716,267,2,901.2,1,3,3,Normal
3200,16717,24,6,3858.38,4,5,5,Champion
3201,16718,369,1,623.7500000000001,1,2,3,Normal
3202,16719,15,7,1790.42,4,5,4,Champion
3203,16720,26,1,155.23999999999998,4,2,1,New customer
3204,16721,262,1,292.46999999999997,1,2,2,Normal
3205,16722,17,13,4730.8099999999995,4,5,5,Champion
3206,16723,91,2,589.1500000000001,2,3,3,Normal
3207,16725,302,7,781.0200000000002,1,5,3,Normal
3208,16726,26,5,1382.0200000000002,4,4,4,Champion
3209,16727,364,1,272.82,1,2,2,Normal
3210,16728,46,4,1054.67,3,4,4,Loyal
3211,16729,38,21,7239.92,3,5,5,Loyal
3212,16730,52,3,743.11,3,4,3,Loyal
3213,16732,32,1,603.75,4,2,3,New customer
3214,16734,52,3,650.51,3,4,3,Loyal
3215,16735,79,5,2300.56,2,4,5,At risk
3216,16737,53,1,417.59999999999997,3,2,2,Normal
3217,16738,298,1,3.75,1,2,1,Normal
3218,16739,177,1,323.0,2,2,2,Normal
3219,16742,47,1,464.9,3,2,2,Normal
3220,16743,29,7,2238.09,4,5,5,Champion
3221,16744,11,7,1304.7600000000002,5,5,4,Champion
3222,16745,87,17,7194.300000000001,2,5,5,At risk
3223,16746,5,18,6697.66,5,5,5,Champion
3224,16747,38,2,836.06,3,3,3,Loyal
3225,16748,18,5,1515.9,4,4,4,Champion
3226,16750,45,5,623.9300000000001,3,4,3,Loyal
3227,16751,31,1,1764.7200000000003,4,2,4,New customer
3228,16752,373,1,207.5,1,2,1,Normal
3229,16753,58,1,223.92000000000002,3,2,1,Normal
3230,16754,372,1,2002.4,1,2,4,At risk
3231,16755,114,3,1496.83,2,4,4,At risk
3232,16756,215,1,239.40000000000003,1,2,1,Normal
3233,16757,319,1,106.83000000000001,1,2,1,Normal
3234,16758,65,1,369.34,3,2,2,Normal
3235,16759,8,3,789.7900000000001,5,4,3,Loyal
3236,16761,97,1,316.62,2,2,2,Normal
3237,16762,20,3,1501.38,4,4,4,Champion
3238,16763,199,1,611.85,1,2,3,Normal
3239,16764,4,13,2799.25,5,5,5,Champion
3240,16765,294,1,34.0,1,2,1,Normal
3241,16766,273,2,1145.6000000000001,1,3,4,At risk
3242,16767,31,11,5580.599999999999,4,5,5,Champion
3243,16768,48,3,478.09,3,4,2,Loyal
3244,16769,260,1,380.39,1,2,2,Normal
3245,16770,58,5,770.1,3,4,3,Loyal
3246,16771,33,5,2246.81,4,4,5,Champion
3247,16773,57,1,171.58999999999997,3,2,1,Normal
3248,16774,68,4,661.52,3,4,3,Loyal
3249,16775,10,11,1695.6600000000003,5,5,4,Champion
3250,16776,60,1,388.28,3,2,2,Normal
3251,16777,80,2,226.35,2,3,1,Normal
3252,16778,74,2,245.94,2,3,1,Normal
3253,16779,2,22,10629.719999999998,5,5,5,Champion
3254,16780,100,2,425.19,2,3,2,Normal
3255,16781,372,1,311.24999999999994,1,2,2,Normal
3256,16782,10,13,2279.9000000000005,5,5,5,Champion
3257,16784,20,1,107.6,4,2,1,New customer
3258,16788,123,2,597.48,2,3,3,Normal
3259,16789,8,1,80.8,5,2,1,New customer
3260,16790,4,6,1545.6200000000001,5,5,4,Champion
3261,16791,29,7,1721.7800000000002,4,5,4,Champion
3262,16792,282,2,110.38000000000001,1,3,1,Normal
3263,16793,57,1,243.83999999999997,3,2,1,Normal
3264,16794,1,10,1222.71,5,5,4,Champion
3265,16795,365,1,414.88000000000005,1,2,2,Normal
3266,16796,89,1,305.62,2,2,2,Normal
3267,16800,11,1,1201.49,5,2,4,New customer
3268,16801,163,4,1619.7300000000002,2,4,4,At risk
3269,16803,65,1,332.3,3,2,2,Normal
3270,16804,23,3,536.9900000000001,4,4,3,Loyal
3271,16805,174,2,460.59000000000003,2,3,2,Normal
3272,16806,103,4,801.4900000000001,2,4,3,Normal
3273,16807,143,3,1121.59,2,4,4,At risk
3274,16808,99,2,288.42,2,3,2,Normal
3275,16809,23,5,914.6900000000002,4,4,3,Loyal
3276,16810,192,1,309.53999999999996,1,2,2,Normal
3277,16811,5,2,547.07,5,3,3,Loyal
3278,16812,361,1,479.35,1,2,2,Normal
3279,16813,8,10,1692.98,5,5,4,Champion
3280,16814,14,21,6509.1,4,5,5,Champion
3281,16816,103,4,417.06000000000006,2,4,2,Normal
3282,16817,3,9,1604.7500000000005,5,5,4,Champion
3283,16818,11,11,3349.57,5,5,5,Champion
3284,16820,96,1,497.61,2,2,3,Normal
3285,16823,227,1,358.37999999999994,1,2,2,Normal
3286,16824,16,2,460.64,4,3,2,Loyal
3287,16825,39,2,775.1800000000001,3,3,3,Loyal
3288,16826,51,1,341.7,3,2,2,Normal
3289,16828,93,2,128.5,2,3,1,Normal
3290,16829,157,1,197.22,2,2,1,Normal
3291,16830,39,1,325.91,3,2,2,Normal
3292,16832,184,3,199.15,1,4,1,Normal
3293,16833,1,4,1106.5299999999997,5,4,4,Champion
3294,16834,228,1,413.46000000000004,1,2,2,Normal
3295,16835,128,2,180.85000000000002,2,3,1,Normal
3296,16836,40,2,251.87,3,3,2,Loyal
3297,16837,31,11,3170.9800000000005,4,5,5,Champion
3298,16838,197,2,588.85,1,3,3,Normal
3299,16839,9,34,16594.35,5,5,5,Champion
3300,16841,37,6,1869.8200000000002,3,5,4,Loyal
3301,16842,101,3,1264.1900000000003,2,4,4,At risk
3302,16843,43,16,10196.57,3,5,5,Loyal
3303,16846,50,1,214.32,3,2,1,Normal
3304,16847,43,1,193.44,3,2,1,Normal
3305,16848,53,1,281.41999999999996,3,2,2,Normal
3306,16849,187,1,124.57,1,2,1,Normal
3307,16850,334,1,332.4100000000001,1,2,2,Normal
3308,16851,4,3,342.45,5,4,2,Loyal
3309,16852,10,2,144.91000000000003,5,3,1,Loyal
3310,16855,24,2,328.4,4,3,2,Loyal
3311,16856,15,1,35.400000000000006,4,2,1,New customer
3312,16858,369,1,375.69000000000005,1,2,2,Normal
3313,16859,145,2,747.8100000000002,2,3,3,Normal
3314,16861,60,2,173.76000000000002,3,3,1,Loyal
3315,16863,31,2,502.80000000000007,4,3,3,Loyal
3316,16866,141,3,207.74,2,4,1,Normal
3317,16869,23,4,825.4200000000001,4,4,3,Loyal
3318,16871,22,6,2812.34,4,5,5,Champion
3319,16872,77,3,680.0200000000001,2,4,3,Normal
3320,16873,5,6,7123.62,5,5,5,Champion
3321,16875,67,5,2095.53,3,4,5,Loyal
3322,16877,12,6,853.7200000000001,5,5,3,Loyal
3323,16878,84,1,13.3,2,2,1,Normal
3324,16880,31,7,1519.08,4,5,4,Champion
3325,16881,67,1,432.0,3,2,2,Normal
3326,16882,67,3,705.1199999999999,3,4,3,Loyal
3327,16883,187,2,276.72999999999996,1,3,2,Normal
3328,16884,38,2,429.84000000000003,3,3,2,Loyal
3329,16885,15,3,471.50999999999993,4,4,2,Loyal
3330,16887,35,1,194.88,3,2,1,Normal
3331,16889,195,3,1578.67,1,4,4,At risk
3332,16891,2,5,809.7,5,4,3,Loyal
3333,16892,1,5,525.54,5,4,3,Loyal
3334,16893,367,1,145.93,1,2,1,Normal
3335,16895,65,1,219.14,3,2,1,Normal
3336,16897,299,2,289.78000000000003,1,3,2,Normal
3337,16898,26,3,508.81,4,4,3,Loyal
3338,16899,8,6,1281.5600000000004,5,5,4,Champion
3339,16900,17,3,887.1100000000001,4,4,3,Loyal
3340,16902,116,1,1706.88,2,2,4,At risk
3341,16903,29,1,373.24,4,2,2,New customer
3342,16904,4,16,3754.2700000000004,5,5,5,Champion
3343,16905,5,7,3102.4300000000003,5,5,5,Champion
3344,16906,82,4,579.7700000000001,2,4,3,Normal
3345,16907,29,5,981.6500000000001,4,4,4,Champion
3346,16909,72,1,379.14,3,2,2,Normal
3347,16910,4,8,1510.06,5,5,4,Champion
3348,16912,29,11,2575.38,4,5,5,Champion
3349,16913,290,1,113.44000000000001,1,2,1,Normal
3350,16914,36,1,208.45999999999992,3,2,1,Normal
3351,16915,9,6,621.6800000000001,5,5,3,Loyal
3352,16916,24,2,576.26,4,3,3,Loyal
3353,16917,277,1,391.52,1,2,2,Normal
3354,16918,50,6,1068.8200000000002,3,5,4,Loyal
3355,16919,156,11,2596.45,2,5,5,At risk
3356,16921,61,1,169.79000000000002,3,2,1,Normal
3357,16923,12,19,7247.610000000001,5,5,5,Champion
3358,16924,21,3,846.75,4,4,3,Loyal
3359,16926,371,1,230.25,1,2,1,Normal
3360,16927,116,3,543.05,2,4,3,Normal
3361,16928,80,17,2847.6,2,5,5,At risk
3362,16929,4,7,1295.39,5,5,4,Champion
3363,16930,26,3,380.55,4,4,2,Loyal
3364,16931,5,21,4604.219999999999,5,5,5,Champion
3365,16932,53,1,161.94,3,2,1,Normal
3366,16933,1,2,563.2299999999999,5,3,3,Loyal
3367,16934,55,2,950.9300000000001,3,3,4,Loyal
3368,16936,26,1,262.68,4,2,2,New customer
3369,16938,9,4,2736.38,5,4,5,Champion
3370,16940,52,3,3049.88,3,4,5,Loyal
3371,16942,13,9,1920.5900000000001,5,5,4,Champion
3372,16943,212,3,816.73,1,4,3,Normal
3373,16945,22,19,4345.5,4,5,5,Champion
3374,16947,236,1,406.47999999999996,1,2,2,Normal
3375,16948,139,3,435.02,2,4,2,Normal
3376,16949,4,6,1286.27,5,5,4,Champion
3377,16950,57,3,1178.56,3,4,4,Loyal
3378,16951,135,3,1277.7500000000002,2,4,4,At risk
3379,16952,109,2,167.61,2,3,1,Normal
3380,16953,30,1,20.8,4,2,1,New customer
3381,16954,1,9,2085.08,5,5,5,Champion
3382,16955,185,4,518.67,1,4,3,Normal
3383,16956,18,1,308.74,4,2,2,New customer
3384,16957,239,2,416.64,1,3,2,Normal
3385,16959,87,1,117.35000000000001,2,2,1,Normal
3386,16960,39,3,507.05000000000007,3,4,3,Loyal
3387,16961,116,1,234.17,2,2,1,Normal
3388,16963,187,1,110.55000000000001,1,2,1,Normal
3389,16965,227,1,201.18999999999997,1,2,1,Normal
3390,16966,8,7,2154.97,5,5,5,Champion
3391,16967,189,1,319.02,1,2,2,Normal
3392,16968,4,2,439.43,5,3,2,Loyal
3393,16969,39,3,650.41,3,4,3,Loyal
3394,16971,38,1,357.21,3,2,2,Normal
3395,16976,267,1,251.51999999999998,1,2,2,Normal
3396,16978,78,1,344.33,2,2,2,Normal
3397,16979,4,6,1852.0,5,5,4,Champion
3398,16980,255,2,1078.9600000000003,1,3,4,At risk
3399,16982,61,1,384.06,3,2,2,Normal
3400,16983,13,7,1931.2500000000002,5,5,4,Champion
3401,16984,88,2,4481.35,2,3,5,At risk
3402,16985,17,10,5464.12,4,5,5,Champion
3403,16986,30,2,1873.2,4,3,4,Loyal
3404,16987,3,7,1625.0500000000002,5,5,4,Champion
3405,16988,5,1,126.12,5,2,1,New customer
3406,16989,7,6,1133.25,5,5,4,Champion
3407,16990,219,1,179.0,1,2,1,Normal
3408,16992,11,5,1614.31,5,4,4,Champion
3409,16996,30,6,1456.96,4,5,4,Champion
3410,16997,288,3,702.0,1,4,3,Normal
3411,16998,150,4,295.0,2,4,2,Normal
3412,16999,23,2,484.82000000000005,4,3,2,Loyal
3413,17001,1,11,3989.5700000000006,5,5,5,Champion
3414,17002,86,3,1493.73,2,4,4,At risk
3415,17004,46,2,1412.9400000000003,3,3,4,Loyal
3416,17006,5,4,781.7800000000001,5,4,3,Loyal
3417,17007,51,6,889.9300000000001,3,5,3,Loyal
3418,17010,18,1,195.36,4,2,1,New customer
3419,17011,30,1,270.90000000000003,4,2,2,New customer
3420,17014,8,3,586.3299999999999,5,4,3,Loyal
3421,17015,29,3,1842.56,4,4,4,Champion
3422,17017,3,20,8694.26,5,5,5,Champion
3423,17018,41,2,920.1,3,3,3,Loyal
3424,17019,11,4,1272.61,5,4,4,Champion
3425,17022,31,1,71.0,4,2,1,New customer
3426,17024,45,3,95.85,3,4,1,Loyal
3427,17025,61,3,357.77000000000004,3,4,2,Loyal
3428,17026,185,2,154.82999999999998,1,3,1,Normal
3429,17027,79,6,890.29,2,5,3,Normal
3430,17029,111,2,716.0,2,3,3,Normal
3431,17030,64,1,146.87,3,2,1,Normal
3432,17031,12,2,380.35,5,3,2,Loyal
3433,17033,86,3,1030.1399999999999,2,4,4,At risk
3434,17034,16,3,745.5200000000001,4,4,3,Loyal
3435,17035,246,2,433.53,1,3,2,Normal
3436,17037,88,1,1267.3199999999997,2,2,4,At risk
3437,17038,30,1,112.4,4,2,1,New customer
3438,17040,138,1,449.72999999999996,2,2,2,Normal
3439,17041,27,3,1081.5700000000002,4,4,4,Champion
3440,17042,3,5,1044.38,5,4,4,Champion
3441,17043,32,4,1735.1800000000003,4,4,4,Champion
3442,17044,25,1,948.48,4,2,4,New customer
3443,17045,113,3,339.44,2,4,2,Normal
3444,17046,157,1,642.0199999999999,2,2,3,Normal
3445,17047,85,3,1100.9,2,4,4,At risk
3446,17048,118,3,925.35,2,4,3,Normal
3447,17049,3,9,5659.9800000000005,5,5,5,Champion
3448,17050,96,6,3228.84,2,5,5,At risk
3449,17051,194,1,247.13999999999996,1,2,1,Normal
3450,17052,28,1,413.74999999999994,4,2,2,New customer
3451,17053,131,1,498.47999999999996,2,2,3,Normal
3452,17054,28,5,1356.3300000000002,4,4,4,Champion
3453,17058,82,3,1179.8899999999996,2,4,4,At risk
3454,17059,30,5,3095.04,4,4,5,Champion
3455,17060,266,1,234.24,1,2,1,Normal
3456,17061,74,11,5232.229999999999,2,5,5,At risk
3457,17062,314,4,538.37,1,4,3,Normal
3458,17063,21,7,1461.14,4,5,4,Champion
3459,17064,59,3,859.35,3,4,3,Loyal
3460,17068,12,21,4552.14,5,5,5,Champion
3461,17069,28,9,2709.7000000000003,4,5,5,Champion
3462,17070,114,1,312.14,2,2,2,Normal
3463,17071,28,9,2429.03,4,5,5,Champion
3464,17073,18,4,1446.0900000000001,4,4,4,Champion
3465,17075,18,4,834.1200000000001,4,4,3,Loyal
3466,17076,36,3,841.08,3,4,3,Loyal
3467,17078,36,2,378.2,3,3,2,Loyal
3468,17079,78,1,118.80000000000001,2,2,1,Normal
3469,17080,22,2,287.62,4,3,2,Loyal
3470,17081,25,2,290.15999999999997,4,3,2,Loyal
3471,17082,33,2,2003.85,4,3,4,Loyal
3472,17083,109,3,1405.78,2,4,4,At risk
3473,17084,35,2,2949.7500000000005,3,3,5,Loyal
3474,17085,123,5,1566.65,2,4,4,At risk
3475,17086,7,6,2050.08,5,5,4,Champion
3476,17088,28,4,1991.0100000000002,4,4,4,Champion
3477,17090,4,7,2043.9500000000005,5,5,4,Champion
3478,17091,3,9,3827.7600000000007,5,5,5,Champion
3479,17092,50,4,1777.7800000000002,3,4,4,Loyal
3480,17094,322,1,302.0,1,2,2,Normal
3481,17095,23,3,1324.16,4,4,4,Champion
3482,17096,15,4,1022.1300000000001,4,4,4,Champion
3483,17097,2,8,954.4200000000001,5,5,4,Champion
3484,17100,18,2,971.74,4,3,4,Loyal
3485,17101,10,4,1621.7300000000002,5,4,4,Champion
3486,17102,262,1,25.5,1,2,1,Normal
3487,17105,159,2,665.78,2,3,3,Normal
3488,17107,33,6,10815.43,4,5,5,Champion
3489,17109,29,6,885.0400000000001,4,5,3,Loyal
3490,17110,165,1,163.3,2,2,1,Normal
3491,17111,47,1,248.60999999999999,3,2,1,Normal
3492,17114,6,8,808.6200000000001,5,5,3,Loyal
3493,17115,8,3,837.4999999999999,5,4,3,Loyal
3494,17117,288,1,116.19999999999999,1,2,1,Normal
3495,17118,318,1,157.02,1,2,1,Normal
3496,17119,3,2,606.91,5,3,3,Loyal
3497,17120,233,1,307.46,1,2,2,Normal
3498,17122,119,1,138.32,2,2,1,Normal
3499,17123,162,1,345.3,2,2,2,Normal
3500,17124,185,1,298.89,1,2,2,Normal
3501,17125,50,1,259.35,3,2,2,Normal
3502,17126,152,5,1004.75,2,4,4,At risk
3503,17128,335,1,157.09,1,2,1,Normal
3504,17131,5,5,2463.17,5,4,5,Champion
3505,17133,16,7,4892.24,4,5,5,Champion
3506,17134,107,2,425.0,2,3,2,Normal
3507,17135,16,7,1139.73,4,5,4,Champion
3508,17138,276,1,380.5,1,2,2,Normal
3509,17139,16,12,10668.47,4,5,5,Champion
3510,17140,247,1,465.31999999999994,1,2,2,Normal
3511,17142,239,1,579.0,1,2,3,Normal
3512,17144,1,2,984.57,5,3,4,Loyal
3513,17146,106,3,749.78,2,4,3,Normal
3514,17147,23,4,1714.5900000000001,4,4,4,Champion
3515,17148,52,1,124.88000000000001,3,2,1,Normal
3516,17152,195,3,1689.4999999999998,1,4,4,At risk
3517,17153,24,1,213.78,4,2,1,New customer
3518,17154,75,1,329.34,2,2,2,Normal
3519,17155,18,2,251.7,4,3,2,Loyal
3520,17157,8,2,319.0,5,3,2,Loyal
3521,17158,32,3,1266.9699999999998,4,4,4,Champion
3522,17159,22,3,1538.88,4,4,4,Champion
3523,17160,31,6,3518.03,4,5,5,Champion
3524,17162,29,10,1715.46,4,5,4,Champion
3525,17163,22,2,293.1,4,3,2,Loyal
3526,17164,33,7,2467.3500000000004,4,5,5,Champion
3527,17165,284,1,158.68,1,2,1,Normal
3528,17166,39,2,206.34,3,3,1,Loyal
3529,17169,58,2,835.78,3,3,3,Loyal
3530,17171,289,1,224.91,1,2,1,Normal
3531,17172,79,1,317.76,2,2,2,Normal
3532,17173,5,8,3766.599999999999,5,5,5,Champion
3533,17174,218,1,59.9,1,2,1,Normal
3534,17175,44,4,1443.69,3,4,4,Loyal
3535,17176,202,1,306.13,1,2,2,Normal
3536,17179,178,3,711.79,2,4,3,Normal
3537,17180,56,4,796.03,3,4,3,Loyal
3538,17181,57,2,239.91999999999996,3,3,1,Loyal
3539,17183,8,6,3347.31,5,5,5,Champion
3540,17186,47,2,144.0,3,3,1,Loyal
3541,17187,227,1,203.95,1,2,1,Normal
3542,17188,11,7,2474.2299999999996,5,5,5,Champion
3543,17189,106,2,384.40000000000003,2,3,2,Normal
3544,17190,59,2,444.74,3,3,2,Loyal
3545,17191,28,7,2095.13,4,5,5,Champion
3546,17193,36,7,1699.3000000000002,3,5,4,Loyal
3547,17194,274,2,262.62,1,3,2,Normal
3548,17197,30,1,1013.01,4,2,4,New customer
3549,17198,24,3,692.22,4,4,3,Loyal
3550,17201,54,1,342.63,3,2,2,Normal
3551,17203,36,6,3563.8500000000004,3,5,5,Loyal
3552,17204,175,4,1564.56,2,4,4,At risk
3553,17205,54,1,384.08,3,2,2,Normal
3554,17206,53,1,204.24,3,2,1,Normal
3555,17211,27,8,2317.2200000000003,4,5,5,Champion
3556,17212,253,1,226.85,1,2,1,Normal
3557,17213,40,7,2781.2300000000005,3,5,5,Loyal
3558,17214,60,6,1069.1200000000001,3,5,4,Loyal
3559,17217,234,1,113.50000000000001,1,2,1,Normal
3560,17218,4,10,1960.7199999999998,5,5,4,Champion
3561,17219,32,1,114.22999999999999,4,2,1,New customer
3562,17220,24,14,3198.25,4,5,5,Champion
3563,17221,7,2,335.12999999999994,5,3,2,Loyal
3564,17222,65,1,354.15,3,2,2,Normal
3565,17223,310,2,426.78999999999996,1,3,2,Normal
3566,17226,309,1,393.49,1,2,2,Normal
3567,17227,19,6,939.3200000000002,4,5,3,Loyal
3568,17228,16,8,1906.09,4,5,4,Champion
3569,17229,96,2,318.75999999999993,2,3,2,Normal
3570,17230,264,8,3638.409999999999,1,5,5,At risk
3571,17231,12,10,3174.3199999999997,5,5,5,Champion
3572,17232,3,2,421.52,5,3,2,Loyal
3573,17233,35,1,190.88,3,2,1,Normal
3574,17234,183,1,149.89,1,2,1,Normal
3575,17235,25,2,550.0600000000001,4,3,3,Loyal
3576,17236,13,6,916.1300000000001,5,5,3,Loyal
3577,17237,11,2,314.69,5,3,2,Loyal
3578,17238,3,17,3744.6500000000005,5,5,5,Champion
3579,17239,313,1,382.5,1,2,2,Normal
3580,17242,108,2,1135.04,2,3,4,At risk
3581,17243,1,26,8676.849999999999,5,5,5,Champion
3582,17244,53,1,954.9000000000001,3,2,4,Normal
3583,17245,205,1,171.45,1,2,1,Normal
3584,17247,15,1,282.19,4,2,2,New customer
3585,17248,120,1,318.65,2,2,2,Normal
3586,17250,4,2,384.52,5,3,2,Loyal
3587,17251,363,1,283.28,1,2,2,Normal
3588,17252,117,2,353.85999999999996,2,3,2,Normal
3589,17253,18,1,178.26,4,2,1,New customer
3590,17254,5,2,272.44,5,3,2,Loyal
3591,17255,41,2,298.4099999999999,3,3,2,Loyal
3592,17256,107,2,240.00000000000003,2,3,1,Normal
3593,17259,148,2,603.3700000000002,2,3,3,Normal
3594,17262,52,5,1253.3600000000001,3,4,4,Loyal
3595,17263,208,1,63.44,1,2,1,Normal
3596,17265,139,2,562.9000000000002,2,3,3,Normal
3597,17266,2,3,310.64,5,4,2,Loyal
3598,17267,127,2,317.61999999999995,2,3,2,Normal
3599,17268,108,4,763.64,2,4,3,Normal
3600,17272,42,4,2148.63,3,4,5,Loyal
3601,17274,35,1,111.97999999999999,3,2,1,Normal
3602,17277,228,2,1065.3500000000001,1,3,4,At risk
3603,17278,241,1,246.04000000000002,1,2,1,Normal
3604,17279,58,1,187.83,3,2,1,Normal
3605,17282,130,3,1703.41,2,4,4,At risk
3606,17284,60,6,1652.58,3,5,4,Loyal
3607,17286,22,1,153.92,4,2,1,New customer
3608,17287,26,7,1064.1100000000001,4,5,4,Champion
3609,17288,9,7,1419.7300000000002,5,5,4,Champion
3610,17289,32,3,944.4100000000002,4,4,4,Champion
3611,17290,4,2,525.24,5,3,3,Loyal
3612,17291,308,1,550.8000000000001,1,2,3,Normal
3613,17293,8,9,1875.1100000000001,5,5,4,Champion
3614,17295,29,3,556.9499999999999,4,4,3,Loyal
3615,17297,17,1,131.78,4,2,1,New customer
3616,17298,101,2,498.4199999999999,2,3,3,Normal
3617,17299,12,4,669.11,5,4,3,Loyal
3618,17301,21,1,197.63,4,2,1,New customer
3619,17302,15,5,1135.63,4,4,4,Champion
3620,17303,361,1,250.03999999999996,1,2,1,Normal
3621,17306,11,19,8631.310000000001,5,5,5,Champion
3622,17309,95,1,82.75,2,2,1,Normal
3623,17311,78,2,1384.85,2,3,4,At risk
3624,17312,139,3,644.3000000000002,2,4,3,Normal
3625,17313,31,1,2328.84,4,2,5,New customer
3626,17314,25,8,2527.92,4,5,5,Champion
3627,17315,2,38,6292.26,5,5,5,Champion
3628,17317,46,3,2600.34,3,4,5,Loyal
3629,17320,100,3,1200.6200000000001,2,4,4,At risk
3630,17321,8,2,700.86,5,3,3,Loyal
3631,17323,15,7,921.0700000000002,4,5,3,Loyal
3632,17324,18,4,990.23,4,4,4,Champion
3633,17325,280,1,96.8,1,2,1,Normal
3634,17329,14,2,523.11,4,3,3,Loyal
3635,17330,23,2,363.9,4,3,2,Loyal
3636,17331,124,1,175.2,2,2,1,Normal
3637,17333,86,1,494.25,2,2,3,Normal
3638,17334,302,2,307.02,1,3,2,Normal
3639,17337,151,4,2027.87,2,4,4,At risk
3640,17338,17,8,6643.93,4,5,5,Champion
3641,17339,94,2,243.36,2,3,1,Normal
3642,17340,30,11,12353.29,4,5,5,Champion
3643,17341,157,3,781.36,2,4,3,Normal
3644,17343,355,1,193.64,1,2,1,Normal
3645,17344,46,1,160.57,3,2,1,Normal
3646,17345,15,4,537.74,4,4,3,Loyal
3647,17346,4,15,2676.56,5,5,5,Champion
3648,17347,86,1,228.96,2,2,1,Normal
3649,17348,15,5,1159.5200000000002,4,4,4,Champion
3650,17349,179,1,110.75,2,2,1,Normal
3651,17350,8,4,1286.07,5,4,4,Champion
3652,17351,36,3,587.1500000000001,3,4,3,Loyal
3653,17353,129,2,1740.0,2,3,4,At risk
3654,17354,51,1,1393.06,3,2,4,Normal
3655,17356,312,1,178.22,1,2,1,Normal
3656,17357,24,2,388.13999999999993,4,3,2,Loyal
3657,17358,303,2,365.85,1,3,2,Normal
3658,17359,11,1,127.85999999999999,5,2,1,New customer
3659,17360,17,3,585.79,4,4,3,Loyal
3660,17361,49,3,488.2,3,4,2,Loyal
3661,17362,239,2,312.22999999999996,1,3,2,Normal
3662,17364,1,11,4481.18,5,5,5,Champion
3663,17365,13,8,4801.5599999999995,5,5,5,Champion
3664,17367,238,1,168.39999999999998,1,2,1,Normal
3665,17368,23,8,1912.67,4,5,4,Champion
3666,17370,73,4,446.17999999999995,2,4,2,Normal
3667,17371,17,3,423.88999999999993,4,4,2,Loyal
3668,17372,41,8,1342.68,3,5,4,Loyal
3669,17373,40,4,646.92,3,4,3,Loyal
3670,17374,219,2,495.77,1,3,3,Normal
3671,17375,199,3,400.09999999999997,1,4,2,Normal
3672,17376,71,2,203.2,3,3,1,Loyal
3673,17377,24,20,4100.92,4,5,5,Champion
3674,17379,11,1,404.65999999999997,5,2,2,New customer
3675,17381,9,29,20275.61,5,5,5,Champion
3676,17382,65,1,65.4,3,2,1,Normal
3677,17383,4,1,199.29000000000002,5,2,1,New customer
3678,17384,19,2,336.40000000000003,4,3,2,Loyal
3679,17385,15,1,261.11,4,2,2,New customer
3680,17386,8,6,2686.42,5,5,5,Champion
3681,17387,20,2,784.1100000000001,4,3,3,Loyal
3682,17388,78,4,1259.5600000000004,2,4,4,At risk
3683,17389,1,34,31833.68,5,5,5,Champion
3684,17391,164,2,508.80000000000007,2,3,3,Normal
3685,17392,307,2,457.90999999999997,1,3,2,Normal
3686,17394,219,1,203.86999999999995,1,2,1,Normal
3687,17396,39,8,7330.799999999999,3,5,5,Loyal
3688,17397,22,2,696.4100000000001,4,3,3,Loyal
3689,17398,115,3,653.3799999999999,2,4,3,Normal
3690,17400,126,5,2129.9600000000005,2,4,5,At risk
3691,17402,5,13,2633.8499999999995,5,5,5,Champion
3692,17403,36,1,281.62,3,2,2,Normal
3693,17404,4,15,31906.82,5,5,5,Champion
3694,17405,1,3,1031.41,5,4,4,Champion
3695,17406,333,3,2200.42,1,4,5,At risk
3696,17408,163,1,32.65,2,2,1,Normal
3697,17409,185,2,771.8499999999999,1,3,3,Normal
3698,17410,16,5,1214.72,4,4,4,Champion
3699,17411,12,3,778.9399999999999,5,4,3,Loyal
3700,17412,3,7,1258.06,5,5,4,Champion
3701,17414,44,2,777.9999999999999,3,3,3,Loyal
3702,17415,80,1,507.84,2,2,3,Normal
3703,17416,30,7,6893.420000000001,4,5,5,Champion
3704,17418,42,2,463.46,3,3,2,Loyal
3705,17419,11,12,4226.57,5,5,5,Champion
3706,17420,50,3,598.83,3,4,3,Loyal
3707,17422,16,6,1979.3700000000001,4,5,4,Champion
3708,17423,46,2,698.4100000000001,3,3,3,Loyal
3709,17425,19,2,759.1699999999998,4,3,3,Loyal
3710,17426,8,6,5037.26,5,5,5,Champion
3711,17427,72,1,100.8,3,2,1,Normal
3712,17428,1,28,17256.85,5,5,5,Champion
3713,17429,128,3,524.9200000000001,2,4,3,Normal
3714,17430,33,2,265.76,4,3,2,Loyal
3715,17431,313,1,403.29999999999995,1,2,2,Normal
3716,17432,18,2,365.76,4,3,2,Loyal
3717,17433,88,1,303.15999999999997,2,2,2,Normal
3718,17434,2,7,2373.82,5,5,5,Champion
3719,17436,2,2,216.29999999999998,5,3,1,Loyal
3720,17438,254,1,388.45,1,2,2,Normal
3721,17440,157,3,186.42000000000002,2,4,1,Normal
3722,17442,37,6,2248.5599999999995,3,5,5,Loyal
3723,17443,220,1,534.24,1,2,3,Normal
3724,17444,148,3,2940.0400000000004,2,4,5,At risk
3725,17446,177,2,120.9,2,3,1,Normal
3726,17447,40,2,541.53,3,3,3,Loyal
3727,17449,2,7,2520.86,5,5,5,Champion
3728,17450,8,46,194550.79,5,5,5,Champion
3729,17451,1,7,1721.4000000000003,5,5,4,Champion
3730,17453,18,2,486.71999999999997,4,3,2,Loyal
3731,17454,192,4,517.53,1,4,3,Normal
3732,17455,204,1,131.7,1,2,1,Normal
3733,17456,365,1,249.85999999999999,1,2,1,Normal
3734,17457,127,5,1737.7,2,4,4,At risk
3735,17458,15,1,316.5,4,2,2,New customer
3736,17459,43,2,657.3000000000001,3,3,3,Loyal
3737,17460,94,6,622.43,2,5,3,Normal
3738,17461,23,3,757.46,4,4,3,Loyal
3739,17462,60,2,675.6899999999999,3,3,3,Loyal
3740,17463,16,5,1896.4100000000003,4,4,4,Champion
3741,17464,158,1,289.96000000000004,2,2,2,Normal
3742,17466,10,2,763.2800000000001,5,3,3,Loyal
3743,17468,10,2,137.0,5,3,1,Loyal
3744,17469,16,5,1870.9700000000003,4,4,4,Champion
3745,17470,45,5,1125.07,3,4,4,Loyal
3746,17472,191,3,710.29,1,4,3,Normal
3747,17475,79,1,194.36999999999998,2,2,1,Normal
3748,17480,78,1,511.82000000000005,2,2,3,Normal
3749,17481,4,4,1255.5900000000001,5,4,4,Champion
3750,17483,65,3,414.04,3,4,2,Loyal
3751,17486,261,1,396.87,1,2,2,Normal
3752,17489,59,2,376.64000000000004,3,3,2,Loyal
3753,17490,1,7,2092.32,5,5,5,Champion
3754,17491,1,10,3558.870000000001,5,5,5,Champion
3755,17492,248,1,374.57,1,2,2,Normal
3756,17495,8,2,497.55999999999995,5,3,3,Loyal
3757,17496,359,1,271.05,1,2,2,Normal
3758,17498,76,1,272.22,2,2,2,Normal
3759,17499,290,1,622.88,1,2,3,Normal
3760,17500,17,3,1138.0,4,4,4,Champion
3761,17501,221,2,288.6,1,3,2,Normal
3762,17502,9,4,689.1000000000001,5,4,3,Loyal
3763,17503,3,2,558.96,5,3,3,Loyal
3764,17504,206,9,2997.03,1,5,5,At risk
3765,17505,162,2,1145.8400000000001,2,3,4,At risk
3766,17506,76,1,302.2,2,2,2,Normal
3767,17507,262,2,605.5800000000002,1,3,3,Normal
3768,17508,281,1,387.31,1,2,2,Normal
3769,17509,58,8,6115.139999999999,3,5,5,Loyal
3770,17510,25,1,308.48,4,2,2,New customer
3771,17511,3,31,91062.38,5,5,5,Champion
3772,17512,29,10,2924.9900000000002,4,5,5,Champion
3773,17513,72,1,513.1999999999999,3,2,3,Normal
3774,17514,128,1,208.64999999999998,2,2,1,Normal
3775,17515,31,4,639.0200000000002,4,4,3,Loyal
3776,17516,15,5,768.0800000000002,4,4,3,Loyal
3777,17517,309,1,153.94,1,2,1,Normal
3778,17519,17,6,1844.0200000000002,4,5,4,Champion
3779,17520,54,1,546.81,3,2,3,Normal
3780,17521,30,3,723.21,4,4,3,Loyal
3781,17522,2,5,1070.71,5,4,4,Champion
3782,17523,11,4,652.74,5,4,3,Loyal
3783,17524,361,1,145.0,1,2,1,Normal
3784,17525,360,1,422.70000000000005,1,2,2,Normal
3785,17526,5,4,1195.9,5,4,4,Champion
3786,17527,54,4,939.37,3,4,3,Loyal
3787,17528,1,8,3628.5,5,5,5,Champion
3788,17530,1,10,2385.0,5,5,5,Champion
3789,17531,190,1,296.69999999999993,1,2,2,Normal
3790,17534,54,1,223.35999999999999,3,2,1,Normal
3791,17535,280,1,164.40000000000003,1,2,1,Normal
3792,17536,177,1,76.5,2,2,1,Normal
3793,17537,30,2,897.6200000000002,4,3,3,Loyal
3794,17538,26,1,98.41999999999999,4,2,1,New customer
3795,17540,25,2,578.9000000000001,4,3,3,Loyal
3796,17542,270,1,170.75,1,2,1,Normal
3797,17545,43,3,645.96,3,4,3,Loyal
3798,17548,234,1,103.3,1,2,1,Normal
3799,17549,24,2,148.86,4,3,1,Loyal
3800,17550,197,3,267.15999999999997,1,4,2,Normal
3801,17551,359,1,306.8399999999999,1,2,2,Normal
3802,17552,60,4,930.41,3,4,3,Loyal
3803,17553,130,1,1487.6,2,2,4,At risk
3804,17554,1,5,1952.4499999999998,5,4,4,Champion
3805,17555,20,2,483.26000000000005,4,3,2,Loyal
3806,17556,206,1,157.89999999999998,1,2,1,Normal
3807,17557,14,3,541.46,4,4,3,Loyal
3808,17560,95,4,854.9499999999999,2,4,3,Normal
3809,17561,19,1,167.61999999999998,4,2,1,New customer
3810,17562,14,7,1122.3799999999999,4,5,4,Champion
3811,17564,24,3,454.00999999999993,4,4,2,Loyal
3812,17566,8,2,901.2099999999999,5,3,3,Loyal
3813,17567,7,8,4331.4800000000005,5,5,5,Champion
3814,17569,332,1,344.14000000000004,1,2,2,Normal
3815,17571,50,4,1498.51,3,4,4,Loyal
3816,17572,71,4,226.74999999999997,3,4,1,Loyal
3817,17573,29,3,380.6,4,4,2,Loyal
3818,17574,243,1,185.64999999999998,1,2,1,Normal
3819,17576,8,19,3622.6800000000003,5,5,5,Champion
3820,17578,218,1,143.45999999999998,1,2,1,Normal
3821,17579,5,3,448.9,5,4,2,Loyal
3822,17580,253,3,215.71999999999997,1,4,1,Normal
3823,17581,1,25,11045.04,5,5,5,Champion
3824,17582,236,1,175.26999999999998,1,2,1,Normal
3825,17584,7,2,1242.3000000000002,5,3,4,Loyal
3826,17585,109,4,1133.0700000000002,2,4,4,At risk
3827,17588,100,3,1240.2000000000003,2,4,4,At risk
3828,17589,60,4,2404.17,3,4,5,Loyal
3829,17590,2,3,1479.2200000000003,5,4,4,Champion
3830,17591,73,7,2225.9700000000003,2,5,5,At risk
3831,17593,4,5,3927.34,5,4,5,Champion
3832,17594,85,2,993.1800000000001,2,3,4,At risk
3833,17595,12,2,388.79,5,3,2,Loyal
3834,17596,23,7,2827.9300000000003,4,5,5,Champion
3835,17597,214,1,2044.3700000000001,1,2,4,At risk
3836,17600,18,1,161.67000000000002,4,2,1,New customer
3837,17601,239,1,116.01,1,2,1,Normal
3838,17602,2,6,5102.969999999999,5,5,5,Champion
3839,17603,78,1,394.72,2,2,2,Normal
3840,17604,217,2,309.36,1,3,2,Normal
3841,17608,33,2,193.42000000000002,4,3,1,Loyal
3842,17609,41,5,1112.22,3,4,4,Loyal
3843,17611,7,15,3984.22,5,5,5,Champion
3844,17612,53,6,2048.45,3,5,4,Loyal
3845,17613,23,14,4559.150000000001,4,5,5,Champion
3846,17614,57,1,390.07,3,2,2,Normal
3847,17615,130,3,329.59999999999997,2,4,2,Normal
3848,17616,174,3,571.1999999999999,2,4,3,Normal
3849,17618,6,3,971.5799999999999,5,4,4,Champion
3850,17619,312,1,218.51999999999995,1,2,1,Normal
3851,17620,60,1,81.44,3,2,1,Normal
3852,17621,21,3,1379.8999999999999,4,4,4,Champion
3853,17623,33,1,527.05,4,2,3,New customer
3854,17624,15,2,843.4799999999999,4,3,3,Loyal
3855,17625,18,4,2047.0,4,4,4,Champion
3856,17628,81,1,75.75,2,2,1,Normal
3857,17629,6,8,1814.1200000000001,5,5,4,Champion
3858,17630,170,2,503.5999999999999,2,3,3,Normal
3859,17631,2,3,528.33,5,4,3,Loyal
3860,17633,31,4,1324.8400000000004,4,4,4,Champion
3861,17634,36,9,2361.9700000000003,3,5,5,Loyal
3862,17636,19,1,285.56,4,2,2,New customer
3863,17637,31,2,547.06,4,3,3,Loyal
3864,17639,276,1,108.5,1,2,1,Normal
3865,17640,87,1,621.66,2,2,3,Normal
3866,17642,120,2,712.29,2,3,3,Normal
3867,17643,373,1,101.55000000000001,1,2,1,Normal
3868,17644,1,11,2895.6400000000003,5,5,5,Champion
3869,17646,219,3,1008.3899999999999,1,4,4,At risk
3870,17647,65,1,133.06,3,2,1,Normal
3871,17648,61,4,1797.5,3,4,4,Loyal
3872,17649,138,1,868.49,2,2,3,Normal
3873,17650,21,1,166.08,4,2,1,New customer
3874,17651,12,10,3945.0,5,5,5,Champion
3875,17652,25,12,4867.720000000001,4,5,5,Champion
3876,17653,37,4,1207.56,3,4,4,Loyal
3877,17654,277,1,117.55000000000001,1,2,1,Normal
3878,17655,11,7,2638.9399999999996,5,5,5,Champion
3879,17656,73,5,1674.69,2,4,4,At risk
3880,17658,26,2,595.42,4,3,3,Loyal
3881,17659,17,12,2999.46,4,5,5,Champion
3882,17660,141,1,195.99999999999994,2,2,1,Normal
3883,17663,26,7,1802.9100000000003,4,5,4,Champion
3884,17664,19,2,604.64,4,3,3,Loyal
3885,17666,4,2,728.1600000000001,5,3,3,Loyal
3886,17667,66,5,2055.51,3,4,4,Loyal
3887,17668,1,2,347.75,5,3,2,Loyal
3888,17669,43,7,3406.7199999999993,3,5,5,Loyal
3889,17670,228,1,205.70000000000002,1,2,1,Normal
3890,17671,16,4,1572.71,4,4,4,Champion
3891,17672,50,2,3178.17,3,3,5,Loyal
3892,17673,2,6,1629.12,5,5,4,Champion
3893,17674,74,2,551.04,2,3,3,Normal
3894,17675,1,31,20374.28,5,5,5,Champion
3895,17676,4,6,1387.6799999999998,5,5,4,Champion
3896,17677,2,30,16363.23,5,5,5,Champion
3897,17678,264,1,298.11,1,2,2,Normal
3898,17679,53,2,1992.1100000000001,3,3,4,Loyal
3899,17680,24,1,184.39999999999998,4,2,1,New customer
3900,17682,10,6,2474.3300000000004,5,5,5,Champion
3901,17684,44,1,239.41,3,2,1,Normal
3902,17685,17,7,3191.5300000000007,4,5,5,Champion
3903,17686,7,7,5739.46,5,5,5,Champion
3904,17690,30,15,4757.95,4,5,5,Champion
3905,17691,358,2,290.3999999999999,1,3,2,Normal
3906,17692,127,4,740.94,2,4,3,Normal
3907,17693,137,1,200.47,2,2,1,Normal
3908,17694,142,1,283.12,2,2,2,Normal
3909,17695,132,2,765.3399999999999,2,3,3,Normal
3910,17696,38,8,2285.7099999999996,3,5,5,Loyal
3911,17697,236,1,338.95,1,2,2,Normal
3912,17698,261,1,154.95,1,2,1,Normal
3913,17700,17,4,2534.6400000000003,4,4,5,Champion
3914,17701,253,1,417.95,1,2,2,Normal
3915,17702,30,4,1824.3700000000001,4,4,4,Champion
3916,17703,35,3,798.74,3,4,3,Loyal
3917,17704,169,2,885.1899999999999,2,3,3,Normal
3918,17705,3,9,1823.5200000000002,5,5,4,Champion
3919,17706,4,17,10504.49,5,5,5,Champion
3920,17707,185,2,152.39999999999998,1,3,1,Normal
3921,17708,188,2,267.08000000000004,1,3,2,Normal
3922,17709,170,1,137.45,2,2,1,Normal
3923,17711,11,2,385.1000000000001,5,3,2,Loyal
3924,17712,45,1,522.9099999999999,3,2,3,Normal
3925,17714,321,1,153.0,1,2,1,Normal
3926,17715,201,1,326.4,1,2,2,Normal
3927,17716,23,11,5655.99,4,5,5,Champion
3928,17718,232,1,139.35,1,2,1,Normal
3929,17719,38,15,5396.04,3,5,5,Loyal
3930,17720,26,4,1195.94,4,4,4,Champion
3931,17722,96,4,2424.04,2,4,5,At risk
3932,17723,127,6,3276.4,2,5,5,At risk
3933,17724,71,3,1033.0,3,4,4,Loyal
3934,17725,16,11,3439.0800000000004,4,5,5,Champion
3935,17727,15,1,1060.25,4,2,4,New customer
3936,17728,4,3,2876.01,5,4,5,Champion
3937,17730,3,13,5298.4800000000005,5,5,5,Champion
3938,17731,79,4,1240.1100000000004,2,4,4,At risk
3939,17732,373,1,303.97,1,2,2,Normal
3940,17733,39,2,692.19,3,3,3,Loyal
3941,17734,54,3,700.6299999999999,3,4,3,Loyal
3942,17735,2,19,13110.02,5,5,5,Champion
3943,17736,9,3,377.44,5,4,2,Loyal
3944,17737,9,2,168.24,5,3,1,Loyal
3945,17738,19,4,1879.0500000000002,4,4,4,Champion
3946,17739,12,7,2791.35,5,5,5,Champion
3947,17742,113,2,355.10999999999996,2,3,2,Normal
3948,17744,4,6,2322.4,5,5,5,Champion
3949,17746,240,1,110.25000000000001,1,2,1,Normal
3950,17747,113,1,71.4,2,2,1,Normal
3951,17749,178,2,674.52,2,3,3,Normal
3952,17750,5,9,1797.5700000000002,5,5,4,Champion
3953,17752,359,1,80.64,1,2,1,Normal
3954,17754,1,5,1772.26,5,4,4,Champion
3955,17757,1,30,5605.29,5,5,5,Champion
3956,17758,19,8,3456.7000000000007,4,5,5,Champion
3957,17759,17,3,834.99,4,4,3,Loyal
3958,17760,22,2,287.59000000000003,4,3,2,Loyal
3959,17761,33,1,712.78,4,2,3,New customer
3960,17763,263,1,15.0,1,2,1,Normal
3961,17764,51,2,818.82,3,3,3,Loyal
3962,17765,159,3,371.88000000000005,2,4,2,Normal
3963,17767,15,1,271.20000000000005,4,2,2,New customer
3964,17768,8,3,2273.18,5,4,5,Champion
3965,17769,13,10,3997.98,5,5,5,Champion
3966,17770,199,5,1143.27,1,4,4,At risk
3967,17771,57,2,245.80999999999997,3,3,1,Loyal
3968,17772,11,2,182.76999999999998,5,3,1,Loyal
3969,17774,97,4,1225.41,2,4,4,At risk
3970,17775,255,1,56.4,1,2,1,Normal
3971,17777,25,3,665.8599999999999,4,4,3,Loyal
3972,17779,21,3,658.5700000000002,4,4,3,Loyal
3973,17781,159,2,188.02,2,3,1,Normal
3974,17783,72,2,283.46999999999997,3,3,2,Loyal
3975,17785,53,1,131.94,3,2,1,Normal
3976,17786,85,2,278.74,2,3,2,Normal
3977,17787,153,4,1865.19,2,4,4,At risk
3978,17788,74,2,1117.9,2,3,4,At risk
3979,17789,281,1,225.9,1,2,1,Normal
3980,17790,27,14,1965.5500000000004,4,5,4,Champion
3981,17791,30,1,106.1,4,2,1,New customer
3982,17793,25,1,323.04,4,2,2,New customer
3983,17795,180,2,350.39000000000004,1,3,2,Normal
3984,17796,40,4,697.9000000000001,3,4,3,Loyal
3985,17797,22,3,780.43,4,4,3,Loyal
3986,17799,22,10,3055.93,4,5,5,Champion
3987,17800,37,9,1199.01,3,5,4,Loyal
3988,17802,82,3,1285.04,2,4,4,At risk
3989,17805,74,1,512.3100000000001,2,2,3,Normal
3990,17806,11,1,546.0400000000001,5,2,3,New customer
3991,17809,16,12,5411.910000000001,4,5,5,Champion
3992,17811,4,39,7837.7300000000005,5,5,5,Champion
3993,17812,13,4,732.16,5,4,3,Loyal
3994,17813,14,5,1770.88,4,4,4,Champion
3995,17816,37,4,36.56,3,4,1,Loyal
3996,17817,4,3,387.68,5,4,2,Loyal
3997,17819,72,7,3704.87,3,5,5,Loyal
3998,17824,51,1,298.4,3,2,2,Normal
3999,17827,5,5,1995.46,5,4,4,Champion
4000,17828,23,4,1820.0900000000001,4,4,4,Champion
4001,17829,299,1,889.24,1,2,3,Normal
4002,17830,2,3,398.7,5,4,2,Loyal
4003,17831,33,1,35.400000000000006,4,2,1,New customer
4004,17832,50,1,155.36999999999998,3,2,1,Normal
4005,17835,3,3,350.64,5,4,2,Loyal
4006,17836,47,1,110.21,3,2,1,Normal
4007,17837,42,8,1593.38,3,5,4,Loyal
4008,17838,27,5,2779.3,4,4,5,Champion
4009,17839,42,1,338.8,3,2,2,Normal
4010,17841,2,124,40991.57,5,5,5,Champion
4011,17843,303,1,205.47999999999996,1,2,1,Normal
4012,17844,107,1,51.56,2,2,1,Normal
4013,17846,85,1,2033.1,2,2,4,At risk
4014,17848,81,9,901.2,2,5,3,Normal
4015,17849,218,4,605.8000000000001,1,4,3,Normal
4016,17850,372,34,5391.21,1,5,5,At risk
4017,17852,12,2,114.34,5,3,1,Loyal
4018,17854,185,2,311.26,1,3,2,Normal
4019,17855,373,1,208.97,1,2,1,Normal
4020,17856,2,4,1418.03,5,4,4,Champion
4021,17857,4,23,26879.04,5,5,5,Champion
4022,17858,6,12,5155.66,5,5,5,Champion
4023,17859,305,1,148.21,1,2,1,Normal
4024,17860,369,1,252.8,1,2,2,Normal
4025,17861,3,8,2100.8,5,5,5,Champion
4026,17862,324,1,330.9,1,2,2,Normal
4027,17863,59,6,3160.0000000000005,3,5,5,Loyal
4028,17864,13,3,597.5,5,4,3,Loyal
4029,17865,31,20,10526.32,4,5,5,Champion
4030,17866,143,1,329.65000000000003,2,2,2,Normal
4031,17867,30,6,1197.1000000000001,4,5,4,Champion
4032,17869,107,5,428.18,2,4,2,Normal
4033,17870,2,12,1894.3500000000001,5,5,4,Champion
4034,17871,205,1,155.9,1,2,1,Normal
4035,17873,80,5,1859.1599999999999,2,4,4,At risk
4036,17874,185,6,683.4599999999999,1,5,3,Normal
4037,17877,170,1,237.61,2,2,1,Normal
4038,17878,44,1,379.45,3,2,2,Normal
4039,17879,174,1,178.51999999999998,2,2,1,Normal
4040,17880,365,1,458.91999999999996,1,2,2,Normal
4041,17881,304,1,133.35,1,2,1,Normal
4042,17883,3,4,671.77,5,4,3,Loyal
4043,17884,4,4,717.45,5,4,3,Loyal
4044,17885,12,1,190.19,5,2,1,New customer
4045,17886,32,3,899.61,4,4,3,Loyal
4046,17887,129,1,111.35,2,2,1,Normal
4047,17888,21,8,726.05,4,5,3,Loyal
4048,17889,212,2,203.86999999999998,1,3,1,Normal
4049,17890,323,2,602.0900000000001,1,3,3,Normal
4050,17891,162,1,203.85999999999996,2,2,1,Normal
4051,17892,56,3,244.1,3,4,1,Loyal
4052,17893,225,1,112.25,1,2,1,Normal
4053,17894,72,8,1119.81,3,5,4,Loyal
4054,17895,44,1,98.0,3,2,1,Normal
4055,17896,23,1,256.32,4,2,2,New customer
4056,17897,173,3,566.6,2,4,3,Normal
4057,17898,85,2,152.06,2,3,1,Normal
4058,17899,159,1,155.8,2,2,1,Normal
4059,17900,190,2,112.19999999999999,1,3,1,Normal
4060,17901,29,1,110.38000000000001,4,2,1,New customer
4061,17904,21,1,191.67000000000002,4,2,1,New customer
4062,17905,71,4,800.2400000000001,3,4,3,Loyal
4063,17906,247,1,72.9,1,2,1,Normal
4064,17908,374,1,243.27999999999997,1,2,1,Normal
4065,17911,9,1,366.23,5,2,2,New customer
4066,17912,310,5,311.01,1,4,2,Normal
4067,17913,59,2,411.59999999999997,3,3,2,Loyal
4068,17914,4,1,336.43,5,2,2,New customer
4069,17917,45,3,341.2799999999999,3,4,2,Loyal
4070,17919,88,1,1304.04,2,2,4,At risk
4071,17920,4,17,4204.099999999999,5,5,5,Champion
4072,17921,64,4,826.52,3,4,3,Loyal
4073,17923,282,1,207.50000000000003,1,2,1,Normal
4074,17924,12,7,2962.5,5,5,5,Champion
4075,17925,373,1,244.08,1,2,1,Normal
4076,17926,133,2,397.28999999999996,2,3,2,Normal
4077,17928,45,2,212.53999999999996,3,3,1,Loyal
4078,17929,11,4,843.0,5,4,3,Loyal
4079,17930,36,5,1740.4799999999998,3,4,4,Loyal
4080,17931,134,2,408.36,2,3,2,Normal
4081,17932,29,3,1331.57,4,4,4,Champion
4082,17934,52,2,704.2500000000001,3,3,3,Loyal
4083,17935,138,2,145.79,2,3,1,Normal
4084,17936,5,1,389.84,5,2,2,New customer
4085,17937,9,7,4301.219999999999,5,5,5,Champion
4086,17939,160,1,99.14000000000001,2,2,1,Normal
4087,17940,49,10,4106.44,3,5,5,Loyal
4088,17941,131,1,304.56,2,2,2,Normal
4089,17942,8,1,77.50000000000001,5,2,1,New customer
4090,17946,233,2,149.58,1,3,1,Normal
4091,17947,37,1,176.68,3,2,1,Normal
4092,17948,147,1,358.56000000000006,2,2,2,Normal
4093,17949,1,45,58510.48,5,5,5,Champion
4094,17950,72,3,482.2,3,4,2,Loyal
4095,17951,40,3,1008.5400000000001,3,4,4,Loyal
4096,17954,5,12,2332.7200000000003,5,5,5,Champion
4097,17955,199,4,557.3,1,4,3,Normal
4098,17956,249,1,12.75,1,2,1,Normal
4099,17957,66,1,111.67999999999999,3,2,1,Normal
4100,17958,117,1,508.4599999999999,2,2,3,Normal
4101,17960,171,1,73.78000000000002,2,2,1,Normal
4102,17961,21,39,1296.44,4,5,4,Champion
4103,17962,142,1,102.83,2,2,1,Normal
4104,17964,32,2,471.70000000000005,4,3,2,Loyal
4105,17965,38,14,2622.5699999999997,3,5,5,Loyal
4106,17966,38,5,1098.43,3,4,4,Loyal
4107,17967,372,1,123.07,1,2,1,Normal
4108,17968,374,1,277.34999999999997,1,2,2,Normal
4109,17969,166,2,228.20000000000002,2,3,1,Normal
4110,17970,211,1,582.59,1,2,3,Normal
4111,17972,242,1,136.04000000000002,1,2,1,Normal
4112,17973,52,1,337.03999999999996,3,2,2,Normal
4113,17974,25,3,740.79,4,4,3,Loyal
4114,17975,15,13,4488.8099999999995,4,5,5,Champion
4115,17976,372,1,353.19,1,2,2,Normal
4116,17977,29,1,288.14,4,2,2,New customer
4117,17978,365,1,300.92,1,2,2,Normal
4118,17979,36,4,757.71,3,4,3,Loyal
4119,17980,166,3,811.45,2,4,3,Normal
4120,17984,145,1,152.68,2,2,1,Normal
4121,17985,22,1,634.95,4,2,3,New customer
4122,17986,56,1,20.8,3,2,1,Normal
4123,17987,185,1,198.57,1,2,1,Normal
4124,17988,12,7,201.12,5,5,1,Loyal
4125,17990,237,3,630.84,1,4,3,Normal
4126,17991,225,2,93.35,1,3,1,Normal
4127,17994,122,4,678.4900000000001,2,4,3,Normal
4128,17995,282,1,76.1,1,2,1,Normal
4129,17997,74,8,1970.67,2,5,4,At risk
4130,17999,37,2,382.05999999999995,3,3,2,Loyal
4131,18001,12,2,417.23,5,3,2,Loyal
4132,18004,362,1,169.47000000000003,1,2,1,Normal
4133,18005,4,2,249.72,5,3,1,Loyal
4134,18006,23,1,444.68,4,2,2,New customer
4135,18008,70,9,2116.1900000000005,3,5,5,Loyal
4136,18009,235,1,257.34,1,2,2,Normal
4137,18010,257,1,174.79999999999998,1,2,1,Normal
4138,18011,373,1,102.79,1,2,1,Normal
4139,18013,155,2,187.29,2,3,1,Normal
4140,18014,28,1,166.42000000000002,4,2,1,New customer
4141,18015,4,1,120.03,5,2,1,New customer
4142,18016,32,5,1483.5600000000002,4,4,4,Champion
4143,18017,81,3,523.0,2,4,3,Normal
4144,18018,108,2,122.14000000000001,2,3,1,Normal
4145,18019,52,1,38.45,3,2,1,Normal
4146,18022,36,1,668.1099999999999,3,2,3,Normal
4147,18024,153,2,389.78,2,3,2,Normal
4148,18027,99,1,115.31,2,2,1,Normal
4149,18030,4,2,230.65,5,3,1,Loyal
4150,18032,334,1,73.5,1,2,1,Normal
4151,18033,65,1,97.97,3,2,1,Normal
4152,18034,22,2,422.88,4,3,2,Loyal
4153,18035,36,3,730.4000000000002,3,4,3,Loyal
4154,18036,32,3,405.62,4,4,2,Loyal
4155,18037,154,6,70.02000000000001,2,5,1,Normal
4156,18040,19,2,357.20000000000005,4,3,2,Loyal
4157,18041,12,21,4183.389999999999,5,5,5,Champion
4158,18042,54,1,165.04999999999998,3,2,1,Normal
4159,18043,25,3,559.5100000000001,4,4,3,Loyal
4160,18044,4,10,2088.6000000000004,5,5,5,Champion
4161,18045,45,1,189.39999999999995,3,2,1,Normal
4162,18048,203,2,172.29000000000002,1,3,1,Normal
4163,18050,359,1,74.4,1,2,1,Normal
4164,18053,71,1,300.02,3,2,2,Normal
4165,18055,7,10,6784.19,5,5,5,Champion
4166,18056,288,1,363.6499999999999,1,2,2,Normal
4167,18058,10,1,170.15999999999997,5,2,1,New customer
4168,18059,23,3,306.46,4,4,2,Loyal
4169,18061,22,10,2119.41,4,5,5,Champion
4170,18062,173,3,720.52,2,4,3,Normal
4171,18064,133,2,814.0,2,3,3,Normal
4172,18065,6,14,2392.8300000000004,5,5,5,Champion
4173,18066,75,1,318.0,2,2,2,Normal
4174,18067,40,1,396.3299999999999,3,2,2,Normal
4175,18068,289,1,101.69999999999999,1,2,1,Normal
4176,18069,26,5,2036.6699999999998,4,4,4,Champion
4177,18071,258,2,453.0,1,3,2,Normal
4178,18072,186,1,247.44,1,2,1,Normal
4179,18073,114,12,3877.52,2,5,5,At risk
4180,18074,374,1,489.6,1,2,2,Normal
4181,18075,23,10,2611.75,4,5,5,Champion
4182,18077,8,11,2633.01,5,5,5,Champion
4183,18078,217,2,336.12999999999994,1,3,2,Normal
4184,18079,45,4,3651.97,3,4,5,Loyal
4185,18080,19,2,1231.5,4,3,4,Loyal
4186,18081,36,3,343.45,3,4,2,Loyal
4187,18082,26,1,703.37,4,2,3,New customer
4188,18084,16,1,90.47999999999999,4,2,1,New customer
4189,18085,330,2,689.95,1,3,3,Normal
4190,18086,274,1,101.33999999999999,1,2,1,Normal
4191,18087,98,2,4055.7199999999993,2,3,5,At risk
4192,18088,61,1,167.67000000000002,3,2,1,Normal
4193,18092,2,11,9068.260000000002,5,5,5,Champion
4194,18093,93,4,2106.5200000000004,2,4,5,At risk
4195,18094,82,7,3017.2999999999997,2,5,5,At risk
4196,18095,313,2,580.0500000000001,1,3,3,Normal
4197,18096,12,3,911.1500000000001,5,4,3,Loyal
4198,18097,8,6,2697.8,5,5,5,Champion
4199,18099,127,1,168.31,2,2,1,Normal
4200,18101,11,2,223.64999999999998,5,3,1,Loyal
4201,18102,1,60,259657.3,5,5,5,Champion
4202,18104,37,1,754.64,3,2,3,Normal
4203,18105,38,1,113.48,3,2,1,Normal
4204,18106,330,1,430.7,1,2,2,Normal
4205,18108,254,1,271.0,1,2,2,Normal
4206,18109,2,26,8052.97,5,5,5,Champion
4207,18110,20,1,236.3,4,2,1,New customer
4208,18112,12,2,352.69,5,3,2,Loyal
4209,18113,369,1,76.32000000000001,1,2,1,Normal
4210,18114,290,1,220.09999999999997,1,2,1,Normal
4211,18116,68,8,1418.0300000000002,3,5,4,Loyal
4212,18117,26,1,320.71999999999997,4,2,2,New customer
4213,18118,11,26,5653.82,5,5,5,Champion
4214,18119,368,1,181.11999999999995,1,2,1,Normal
4215,18120,214,1,111.15,1,2,1,Normal
4216,18121,149,2,673.0999999999999,2,3,3,Normal
4217,18122,8,6,1826.2100000000003,5,5,4,Champion
4218,18123,24,2,589.4399999999999,4,3,3,Loyal
4219,18125,30,4,1142.99,4,4,4,Champion
4220,18126,61,1,206.82999999999998,3,2,1,Normal
4221,18127,19,3,348.72999999999996,4,4,2,Loyal
4222,18129,243,1,112.55000000000001,1,2,1,Normal
4223,18130,15,3,1059.3900000000003,4,4,4,Champion
4224,18133,212,1,931.4999999999999,1,2,3,Normal
4225,18135,29,5,681.9100000000001,4,4,3,Loyal
4226,18136,63,3,784.33,3,4,3,Loyal
4227,18138,295,1,152.65,1,2,1,Normal
4228,18139,18,6,8438.339999999998,4,5,5,Champion
4229,18142,157,2,1019.5200000000002,2,3,4,At risk
4230,18143,117,2,1000.1599999999999,2,3,4,At risk
4231,18144,8,12,2888.75,5,5,5,Champion
4232,18145,13,4,2861.5500000000006,5,4,5,Champion
4233,18146,141,2,160.35,2,3,1,Normal
4234,18147,46,2,179.33999999999997,3,3,1,Loyal
4235,18149,51,3,612.0799999999999,3,4,3,Loyal
4236,18150,32,3,566.58,4,4,3,Loyal
4237,18151,135,2,653.3499999999999,2,3,3,Normal
4238,18154,3,2,399.18999999999994,5,3,2,Loyal
4239,18155,75,3,371.62,2,4,2,Normal
4240,18156,13,2,734.94,5,3,3,Loyal
4241,18158,9,2,453.40000000000003,5,3,2,Loyal
4242,18159,301,1,530.15,1,2,3,Normal
4243,18160,57,2,638.06,3,3,3,Loyal
4244,18161,15,5,1618.69,4,4,4,Champion
4245,18164,37,1,399.65,3,2,2,Normal
4246,18165,177,1,302.46000000000004,2,2,2,Normal
4247,18167,23,3,1384.8600000000004,4,4,4,Champion
4248,18168,176,6,1169.9399999999998,2,5,4,At risk
4249,18169,61,1,202.65,3,2,1,Normal
4250,18170,33,3,980.3100000000001,4,4,4,Champion
4251,18171,59,5,1231.3100000000002,3,4,4,Loyal
4252,18172,15,20,7561.68,4,5,5,Champion
4253,18173,87,4,2106.84,2,4,5,At risk
4254,18174,7,1,104.0,5,2,1,New customer
4255,18176,358,1,476.34999999999997,1,2,2,Normal
4256,18177,31,6,1341.42,4,5,4,Champion
4257,18178,129,4,1590.8100000000002,2,4,4,At risk
4258,18179,9,6,1793.1699999999998,5,5,4,Champion
4259,18180,5,6,1843.75,5,5,4,Champion
4260,18181,24,1,382.8,4,2,2,New customer
4261,18183,227,2,632.07,1,3,3,Normal
4262,18184,15,1,49.8,4,2,1,New customer
4263,18185,249,1,304.25,1,2,2,Normal
4264,18188,15,3,2001.0400000000002,4,4,4,Champion
4265,18189,78,2,1090.24,2,3,4,At risk
4266,18190,192,2,284.46,1,3,2,Normal
4267,18191,262,1,207.8,1,2,1,Normal
4268,18192,72,1,957.9699999999999,3,2,4,Normal
4269,18193,165,1,243.76000000000002,2,2,1,Normal
4270,18194,82,1,973.8399999999999,2,2,4,At risk
4271,18196,95,2,689.13,2,3,3,Normal
4272,18198,4,17,5425.560000000001,5,5,5,Champion
4273,18200,106,1,163.8,2,2,1,Normal
4274,18202,200,3,1396.9900000000002,1,4,4,At risk
4275,18203,157,1,160.42,2,2,1,Normal
4276,18204,71,3,1993.7000000000003,3,4,4,Loyal
4277,18205,36,2,517.36,3,3,3,Loyal
4278,18209,29,1,139.10000000000002,4,2,1,New customer
4279,18210,2,6,2621.38,5,5,5,Champion
4280,18211,26,5,600.07,4,4,3,Loyal
4281,18212,326,1,248.42,1,2,1,Normal
4282,18213,237,1,232.48,1,2,1,Normal
4283,18215,89,1,299.34,2,2,2,Normal
4284,18216,31,1,481.75,4,2,2,New customer
4285,18217,29,2,621.7499999999999,4,3,3,Loyal
4286,18218,211,2,662.08,1,3,3,Normal
4287,18219,3,10,2069.77,5,5,5,Champion
4288,18220,227,1,305.28000000000003,1,2,2,Normal
4289,18221,22,5,1041.6100000000001,4,4,4,Champion
4290,18222,93,1,443.0,2,2,2,Normal
4291,18223,5,14,6484.54,5,5,5,Champion
4292,18224,264,1,158.95000000000002,1,2,1,Normal
4293,18225,3,12,5509.120000000001,5,5,5,Champion
4294,18226,44,11,5228.050000000001,3,5,5,Loyal
4295,18227,218,1,93.75,1,2,1,Normal
4296,18228,57,2,779.9,3,3,3,Loyal
4297,18229,12,20,7276.9000000000015,5,5,5,Champion
4298,18230,9,7,2810.2,5,5,5,Champion
4299,18231,192,5,2083.27,1,4,5,At risk
4300,18232,82,4,592.9699999999999,2,4,3,Normal
4301,18233,326,1,440.0,1,2,2,Normal
4302,18235,72,3,1796.48,3,4,4,Loyal
4303,18236,30,6,882.24,4,5,3,Loyal
4304,18237,3,5,987.0999999999999,5,4,4,Champion
4305,18239,219,5,1561.6100000000001,1,4,4,At risk
4306,18240,46,1,422.58000000000004,3,2,2,Normal
4307,18241,10,17,2073.09,5,5,5,Champion
4308,18242,72,4,2232.4900000000002,3,4,5,Loyal
4309,18245,7,7,2567.06,5,5,5,Champion
4310,18246,24,2,596.0999999999999,4,3,3,Loyal
4311,18248,123,2,804.0199999999999,2,3,3,Normal
4312,18249,17,1,95.34,4,2,1,New customer
4313,18250,310,1,349.27000000000004,1,2,2,Normal
4314,18251,87,1,4314.719999999999,2,2,5,At risk
4315,18252,51,2,526.6700000000001,3,3,3,Loyal
4316,18255,89,1,103.3,2,2,1,Normal
4317,18257,39,8,2337.6300000000006,3,5,5,Loyal
4318,18259,25,3,2338.6000000000004,4,4,5,Champion
4319,18260,173,6,2643.2,2,5,5,At risk
4320,18261,43,2,324.24,3,3,2,Loyal
4321,18262,140,1,149.48000000000002,2,2,1,Normal
4322,18263,26,3,1213.1599999999999,4,4,4,Champion
4323,18265,72,2,801.51,3,3,3,Loyal
4324,18268,134,1,25.5,2,2,1,Normal
4325,18269,366,1,168.59999999999997,1,2,1,Normal
4326,18270,38,2,283.15,3,3,2,Loyal
4327,18272,3,6,3078.58,5,5,5,Champion
4328,18273,2,3,204.0,5,4,1,Loyal
4329,18274,30,1,175.92000000000002,4,2,1,New customer
4330,18276,44,1,335.86,3,2,2,Normal
4331,18277,58,1,110.38,3,2,1,Normal
4332,18278,74,1,173.89999999999998,2,2,1,Normal
4333,18280,278,1,180.6,1,2,1,Normal
4334,18281,181,1,80.82000000000001,1,2,1,Normal
4335,18282,8,2,178.05,5,3,1,Loyal
4336,18283,4,16,2094.88,5,5,5,Champion
4337,18287,43,3,1837.28,3,4,4,Loyal
